x:number,y:label
./0/bmp000.bmp,0
./0/bmp001.bmp,0
./0/bmp002.bmp,0
./0/bmp003.bmp,0
./0/bmp004.bmp,0
./0/bmp005.bmp,0
./0/bmp006.bmp,0
./0/bmp007.bmp,0
./0/bmp008.bmp,0
./0/bmp009.bmp,0
./0/bmp010.bmp,0
./0/bmp011.bmp,0
./0/bmp012.bmp,0
./0/bmp013.bmp,0
./0/bmp014.bmp,0
./0/bmp015.bmp,0
./0/bmp016.bmp,0
./0/bmp017.bmp,0
./0/bmp018.bmp,0
./0/bmp019.bmp,0
./0/bmp024.bmp,0
./0/bmp025.bmp,0
./0/bmp026.bmp,0
./0/bmp027.bmp,0
./0/bmp028.bmp,0
./0/bmp029.bmp,0
./0/bmp030.bmp,0
./0/bmp031.bmp,0
./0/bmp032.bmp,0
./0/bmp033.bmp,0
./0/bmp034.bmp,0
./0/bmp035.bmp,0
./0/bmp036.bmp,0
./0/bmp037.bmp,0
./0/bmp038.bmp,0
./0/bmp039.bmp,0
./0/bmp040.bmp,0
./0/bmp041.bmp,0
./0/bmp042.bmp,0
./0/bmp043.bmp,0
./0/bmp044.bmp,0
./0/bmp045.bmp,0
./0/bmp046.bmp,0
./0/bmp047.bmp,0
./0/bmp048.bmp,0
./0/bmp049.bmp,0
./0/bmp050.bmp,0
./0/bmp051.bmp,0
./0/bmp052.bmp,0
./0/bmp053.bmp,0
./0/bmp054.bmp,0
./0/bmp055.bmp,0
./0/bmp056.bmp,0
./0/bmp057.bmp,0
./0/bmp058.bmp,0
./0/bmp059.bmp,0
./0/bmp060.bmp,0
./0/bmp061.bmp,0
./0/bmp062.bmp,0
./0/bmp063.bmp,0
./0/bmp064.bmp,0
./0/bmp065.bmp,0
./0/bmp066.bmp,0
./0/bmp067.bmp,0
./0/bmp068.bmp,0
./0/bmp069.bmp,0
./0/bmp070.bmp,0
./0/bmp071.bmp,0
./0/bmp072.bmp,0
./0/bmp073.bmp,0
./0/bmp074.bmp,0
./0/bmp075.bmp,0
./0/bmp076.bmp,0
./0/bmp077.bmp,0
./0/bmp078.bmp,0
./0/bmp079.bmp,0
./0/bmp080.bmp,0
./0/bmp081.bmp,0
./0/bmp082.bmp,0
./0/bmp083.bmp,0
./0/bmp084.bmp,0
./0/bmp085.bmp,0
./0/bmp086.bmp,0
./0/bmp087.bmp,0
./0/bmp088.bmp,0
./0/bmp089.bmp,0
./0/bmp096.bmp,0
./0/bmp097.bmp,0
./0/bmp098.bmp,0
./0/bmp099.bmp,0
./0/bmp100.bmp,0
./0/bmp101.bmp,0
./0/bmp102.bmp,0
./0/bmp103.bmp,0
./0/bmp104.bmp,0
./0/bmp105.bmp,0
./0/bmp106.bmp,0
./0/bmp107.bmp,0
./0/bmp108.bmp,0
./0/bmp109.bmp,0
./0/bmp110.bmp,0
./0/bmp111.bmp,0
./0/bmp112.bmp,0
./0/bmp113.bmp,0
./0/bmp114.bmp,0
./0/bmp115.bmp,0
./1/bmp000.bmp,1
./1/bmp001.bmp,1
./1/bmp002.bmp,1
./1/bmp003.bmp,1
./1/bmp004.bmp,1
./1/bmp005.bmp,1
./1/bmp006.bmp,1
./1/bmp007.bmp,1
./1/bmp008.bmp,1
./1/bmp009.bmp,1
./1/bmp010.bmp,1
./1/bmp011.bmp,1
./1/bmp012.bmp,1
./1/bmp013.bmp,1
./1/bmp014.bmp,1
./1/bmp015.bmp,1
./1/bmp016.bmp,1
./1/bmp017.bmp,1
./1/bmp018.bmp,1
./1/bmp019.bmp,1
./1/bmp020.bmp,1
./1/bmp021.bmp,1
./1/bmp022.bmp,1
./1/bmp023.bmp,1
./1/bmp024.bmp,1
./1/bmp025.bmp,1
./1/bmp026.bmp,1
./1/bmp027.bmp,1
./1/bmp028.bmp,1
./1/bmp029.bmp,1
./1/bmp030.bmp,1
./1/bmp031.bmp,1
./1/bmp032.bmp,1
./1/bmp033.bmp,1
./1/bmp034.bmp,1
./1/bmp035.bmp,1
./1/bmp036.bmp,1
./1/bmp037.bmp,1
./1/bmp038.bmp,1
./1/bmp039.bmp,1
./1/bmp040.bmp,1
./1/bmp041.bmp,1
./1/bmp042.bmp,1
./1/bmp043.bmp,1
./1/bmp044.bmp,1
./1/bmp045.bmp,1
./1/bmp046.bmp,1
./1/bmp047.bmp,1
./1/bmp048.bmp,1
./1/bmp049.bmp,1
./1/bmp050.bmp,1
./1/bmp051.bmp,1
./1/bmp052.bmp,1
./1/bmp053.bmp,1
./1/bmp054.bmp,1
./1/bmp055.bmp,1
./1/bmp056.bmp,1
./1/bmp057.bmp,1
./1/bmp058.bmp,1
./1/bmp059.bmp,1
./1/bmp060.bmp,1
./1/bmp061.bmp,1
./1/bmp062.bmp,1
./1/bmp063.bmp,1
./1/bmp064.bmp,1
./1/bmp065.bmp,1
./1/bmp066.bmp,1
./1/bmp067.bmp,1
./1/bmp068.bmp,1
./1/bmp069.bmp,1
./1/bmp070.bmp,1
./1/bmp071.bmp,1
./1/bmp072.bmp,1
./1/bmp073.bmp,1
./1/bmp074.bmp,1
./1/bmp075.bmp,1
./1/bmp076.bmp,1
./1/bmp077.bmp,1
./1/bmp078.bmp,1
./1/bmp079.bmp,1
./1/bmp080.bmp,1
./1/bmp081.bmp,1
./1/bmp082.bmp,1
./1/bmp083.bmp,1
./1/bmp084.bmp,1
./1/bmp085.bmp,1
./1/bmp086.bmp,1
./1/bmp087.bmp,1
./1/bmp088.bmp,1
./1/bmp089.bmp,1
./1/bmp090.bmp,1
./1/bmp091.bmp,1
./1/bmp092.bmp,1
./1/bmp093.bmp,1
./1/bmp094.bmp,1
./1/bmp095.bmp,1
./1/bmp096.bmp,1
./1/bmp097.bmp,1
./1/bmp098.bmp,1
./1/bmp099.bmp,1
./1/bmp100.bmp,1
./1/bmp101.bmp,1
./1/bmp102.bmp,1
./1/bmp103.bmp,1
./1/bmp104.bmp,1
./1/bmp105.bmp,1
./1/bmp106.bmp,1
./1/bmp107.bmp,1
./1/bmp108.bmp,1
./1/bmp109.bmp,1
./1/bmp110.bmp,1
./1/bmp111.bmp,1
./1/bmp112.bmp,1
./1/bmp113.bmp,1
./1/bmp114.bmp,1
./1/bmp115.bmp,1
./1/bmp116.bmp,1
./1/bmp117.bmp,1
./1/bmp118.bmp,1
./1/bmp119.bmp,1
./1/bmp120.bmp,1
./1/bmp121.bmp,1
./1/bmp122.bmp,1
./1/bmp123.bmp,1
./1/bmp124.bmp,1
./1/bmp125.bmp,1
./1/bmp126.bmp,1
./1/bmp127.bmp,1
./2/bmp000.bmp,2
./2/bmp001.bmp,2
./2/bmp002.bmp,2
./2/bmp003.bmp,2
./2/bmp004.bmp,2
./2/bmp005.bmp,2
./2/bmp006.bmp,2
./2/bmp007.bmp,2
./2/bmp008.bmp,2
./2/bmp009.bmp,2
./2/bmp010.bmp,2
./2/bmp011.bmp,2
./2/bmp012.bmp,2
./2/bmp013.bmp,2
./2/bmp014.bmp,2
./2/bmp015.bmp,2
./2/bmp016.bmp,2
./2/bmp017.bmp,2
./2/bmp018.bmp,2
./2/bmp019.bmp,2
./2/bmp020.bmp,2
./2/bmp021.bmp,2
./2/bmp022.bmp,2
./2/bmp023.bmp,2
./2/bmp024.bmp,2
./2/bmp025.bmp,2
./2/bmp026.bmp,2
./2/bmp027.bmp,2
./2/bmp032.bmp,2
./2/bmp033.bmp,2
./2/bmp034.bmp,2
./2/bmp035.bmp,2
./2/bmp036.bmp,2
./2/bmp037.bmp,2
./2/bmp038.bmp,2
./2/bmp039.bmp,2
./2/bmp040.bmp,2
./2/bmp041.bmp,2
./2/bmp042.bmp,2
./2/bmp043.bmp,2
./2/bmp044.bmp,2
./2/bmp045.bmp,2
./2/bmp046.bmp,2
./2/bmp047.bmp,2
./2/bmp052.bmp,2
./2/bmp053.bmp,2
./2/bmp054.bmp,2
./2/bmp055.bmp,2
./2/bmp056.bmp,2
./2/bmp057.bmp,2
./2/bmp058.bmp,2
./2/bmp059.bmp,2
./2/bmp060.bmp,2
./2/bmp061.bmp,2
./2/bmp062.bmp,2
./2/bmp063.bmp,2
./2/bmp064.bmp,2
./2/bmp065.bmp,2
./2/bmp066.bmp,2
./2/bmp067.bmp,2
./2/bmp068.bmp,2
./2/bmp069.bmp,2
./2/bmp070.bmp,2
./2/bmp077.bmp,2
./2/bmp078.bmp,2
./2/bmp079.bmp,2
./2/bmp084.bmp,2
./2/bmp085.bmp,2
./2/bmp086.bmp,2
./2/bmp087.bmp,2
./2/bmp088.bmp,2
./2/bmp089.bmp,2
./2/bmp090.bmp,2
./2/bmp091.bmp,2
./2/bmp092.bmp,2
./2/bmp093.bmp,2
./2/bmp094.bmp,2
./2/bmp095.bmp,2
./2/bmp096.bmp,2
./2/bmp097.bmp,2
./2/bmp098.bmp,2
./2/bmp099.bmp,2
./2/bmp100.bmp,2
./2/bmp101.bmp,2
./2/bmp102.bmp,2
./2/bmp103.bmp,2
./2/bmp104.bmp,2
./2/bmp105.bmp,2
./2/bmp106.bmp,2
./2/bmp107.bmp,2
./2/bmp108.bmp,2
./2/bmp109.bmp,2
./2/bmp110.bmp,2
./2/bmp111.bmp,2
./2/bmp112.bmp,2
./2/bmp113.bmp,2
./2/bmp114.bmp,2
./2/bmp115.bmp,2
./2/bmp116.bmp,2
./2/bmp117.bmp,2
./2/bmp118.bmp,2
./2/bmp119.bmp,2
./2/bmp120.bmp,2
./2/bmp121.bmp,2
./2/bmp122.bmp,2
./2/bmp123.bmp,2
./2/bmp124.bmp,2
./2/bmp125.bmp,2
./2/bmp126.bmp,2
./2/bmp127.bmp,2
./3/bmp000.bmp,3
./3/bmp001.bmp,3
./3/bmp002.bmp,3
./3/bmp003.bmp,3
./3/bmp004.bmp,3
./3/bmp005.bmp,3
./3/bmp006.bmp,3
./3/bmp007.bmp,3
./3/bmp008.bmp,3
./3/bmp009.bmp,3
./3/bmp010.bmp,3
./3/bmp011.bmp,3
./3/bmp012.bmp,3
./3/bmp013.bmp,3
./3/bmp014.bmp,3
./3/bmp015.bmp,3
./3/bmp016.bmp,3
./3/bmp017.bmp,3
./3/bmp018.bmp,3
./3/bmp019.bmp,3
./3/bmp020.bmp,3
./3/bmp021.bmp,3
./3/bmp022.bmp,3
./3/bmp023.bmp,3
./3/bmp024.bmp,3
./3/bmp025.bmp,3
./3/bmp026.bmp,3
./3/bmp027.bmp,3
./3/bmp028.bmp,3
./3/bmp029.bmp,3
./3/bmp030.bmp,3
./3/bmp031.bmp,3
./3/bmp032.bmp,3
./3/bmp033.bmp,3
./3/bmp034.bmp,3
./3/bmp035.bmp,3
./3/bmp036.bmp,3
./3/bmp037.bmp,3
./3/bmp038.bmp,3
./3/bmp039.bmp,3
./3/bmp040.bmp,3
./3/bmp041.bmp,3
./3/bmp042.bmp,3
./3/bmp043.bmp,3
./3/bmp044.bmp,3
./3/bmp045.bmp,3
./3/bmp046.bmp,3
./3/bmp047.bmp,3
./3/bmp048.bmp,3
./3/bmp049.bmp,3
./3/bmp050.bmp,3
./3/bmp051.bmp,3
./3/bmp052.bmp,3
./3/bmp053.bmp,3
./3/bmp054.bmp,3
./3/bmp055.bmp,3
./3/bmp056.bmp,3
./3/bmp057.bmp,3
./3/bmp058.bmp,3
./3/bmp059.bmp,3
./3/bmp064.bmp,3
./3/bmp065.bmp,3
./3/bmp066.bmp,3
./3/bmp067.bmp,3
./3/bmp068.bmp,3
./3/bmp069.bmp,3
./3/bmp070.bmp,3
./3/bmp071.bmp,3
./3/bmp072.bmp,3
./3/bmp073.bmp,3
./3/bmp074.bmp,3
./3/bmp075.bmp,3
./3/bmp080.bmp,3
./3/bmp081.bmp,3
./3/bmp082.bmp,3
./3/bmp083.bmp,3
./3/bmp084.bmp,3
./3/bmp085.bmp,3
./3/bmp086.bmp,3
./3/bmp087.bmp,3
./3/bmp088.bmp,3
./3/bmp089.bmp,3
./3/bmp090.bmp,3
./3/bmp091.bmp,3
./4/bmp000.bmp,4
./4/bmp001.bmp,4
./4/bmp002.bmp,4
./4/bmp003.bmp,4
./4/bmp004.bmp,4
./4/bmp005.bmp,4
./4/bmp006.bmp,4
./4/bmp007.bmp,4
./4/bmp008.bmp,4
./4/bmp009.bmp,4
./4/bmp010.bmp,4
./4/bmp011.bmp,4
./4/bmp012.bmp,4
./4/bmp013.bmp,4
./4/bmp014.bmp,4
./4/bmp015.bmp,4
./4/bmp016.bmp,4
./4/bmp017.bmp,4
./4/bmp018.bmp,4
./4/bmp019.bmp,4
./4/bmp020.bmp,4
./4/bmp021.bmp,4
./4/bmp022.bmp,4
./4/bmp023.bmp,4
./4/bmp024.bmp,4
./4/bmp025.bmp,4
./4/bmp026.bmp,4
./4/bmp027.bmp,4
./4/bmp030.bmp,4
./4/bmp031.bmp,4
./4/bmp032.bmp,4
./4/bmp033.bmp,4
./4/bmp034.bmp,4
./4/bmp035.bmp,4
./4/bmp036.bmp,4
./4/bmp037.bmp,4
./4/bmp038.bmp,4
./4/bmp039.bmp,4
./4/bmp044.bmp,4
./4/bmp045.bmp,4
./4/bmp046.bmp,4
./4/bmp047.bmp,4
./4/bmp048.bmp,4
./4/bmp049.bmp,4
./4/bmp050.bmp,4
./4/bmp051.bmp,4
./4/bmp052.bmp,4
./4/bmp053.bmp,4
./4/bmp054.bmp,4
./4/bmp055.bmp,4
./4/bmp056.bmp,4
./4/bmp057.bmp,4
./4/bmp058.bmp,4
./4/bmp059.bmp,4
./4/bmp060.bmp,4
./4/bmp061.bmp,4
./4/bmp062.bmp,4
./4/bmp063.bmp,4
./4/bmp064.bmp,4
./4/bmp065.bmp,4
./4/bmp066.bmp,4
./4/bmp067.bmp,4
./4/bmp068.bmp,4
./4/bmp069.bmp,4
./4/bmp070.bmp,4
./4/bmp071.bmp,4
./4/bmp072.bmp,4
./4/bmp073.bmp,4
./4/bmp074.bmp,4
./4/bmp075.bmp,4
./4/bmp076.bmp,4
./4/bmp077.bmp,4
./4/bmp078.bmp,4
./4/bmp079.bmp,4
./4/bmp080.bmp,4
./4/bmp081.bmp,4
./4/bmp082.bmp,4
./4/bmp083.bmp,4
./4/bmp084.bmp,4
./4/bmp085.bmp,4
./4/bmp086.bmp,4
./4/bmp087.bmp,4
./4/bmp088.bmp,4
./4/bmp089.bmp,4
./4/bmp090.bmp,4
./4/bmp091.bmp,4
./4/bmp092.bmp,4
./4/bmp093.bmp,4
./4/bmp094.bmp,4
./4/bmp095.bmp,4
./4/bmp096.bmp,4
./4/bmp097.bmp,4
./4/bmp098.bmp,4
./4/bmp099.bmp,4
./4/bmp100.bmp,4
./4/bmp101.bmp,4
./4/bmp102.bmp,4
./4/bmp103.bmp,4
./4/bmp104.bmp,4
./4/bmp105.bmp,4
./4/bmp106.bmp,4
./4/bmp107.bmp,4
./4/bmp108.bmp,4
./4/bmp109.bmp,4
./4/bmp110.bmp,4
./4/bmp111.bmp,4
./5/bmp000.bmp,5
./5/bmp001.bmp,5
./5/bmp002.bmp,5
./5/bmp003.bmp,5
./5/bmp008.bmp,5
./5/bmp009.bmp,5
./5/bmp010.bmp,5
./5/bmp011.bmp,5
./5/bmp012.bmp,5
./5/bmp013.bmp,5
./5/bmp014.bmp,5
./5/bmp015.bmp,5
./5/bmp016.bmp,5
./5/bmp017.bmp,5
./5/bmp018.bmp,5
./5/bmp019.bmp,5
./5/bmp020.bmp,5
./5/bmp021.bmp,5
./5/bmp022.bmp,5
./5/bmp023.bmp,5
./5/bmp028.bmp,5
./5/bmp029.bmp,5
./5/bmp030.bmp,5
./5/bmp031.bmp,5
./5/bmp034.bmp,5
./5/bmp035.bmp,5
./5/bmp036.bmp,5
./5/bmp037.bmp,5
./5/bmp038.bmp,5
./5/bmp039.bmp,5
./5/bmp040.bmp,5
./5/bmp041.bmp,5
./5/bmp042.bmp,5
./5/bmp043.bmp,5
./5/bmp056.bmp,5
./5/bmp057.bmp,5
./5/bmp058.bmp,5
./5/bmp059.bmp,5
./5/bmp060.bmp,5
./5/bmp061.bmp,5
./5/bmp062.bmp,5
./5/bmp063.bmp,5
./5/bmp075.bmp,5
./5/bmp078.bmp,5
./5/bmp079.bmp,5
./5/bmp080.bmp,5
./5/bmp081.bmp,5
./5/bmp082.bmp,5
./5/bmp083.bmp,5
./5/bmp093.bmp,5
./5/bmp094.bmp,5
./5/bmp097.bmp,5
./5/bmp098.bmp,5
./5/bmp099.bmp,5
./5/bmp100.bmp,5
./5/bmp101.bmp,5
./5/bmp102.bmp,5
./5/bmp103.bmp,5
./5/bmp116.bmp,5
./5/bmp117.bmp,5
./5/bmp118.bmp,5
./5/bmp119.bmp,5
./5/bmp120.bmp,5
./5/bmp121.bmp,5
./5/bmp122.bmp,5
./5/bmp123.bmp,5
./5/bmp124.bmp,5
./5/bmp125.bmp,5
./5/bmp126.bmp,5
./5/bmp127.bmp,5
./5/bmp130.bmp,5
./5/bmp132.bmp,5
./5/bmp133.bmp,5
./5/bmp134.bmp,5
./5/bmp135.bmp,5
./5/bmp136.bmp,5
./5/bmp137.bmp,5
./5/bmp138.bmp,5
./5/bmp139.bmp,5
./5/bmp140.bmp,5
./5/bmp141.bmp,5
./5/bmp142.bmp,5
./5/bmp143.bmp,5
./5/bmp148.bmp,5
./5/bmp149.bmp,5
./5/bmp150.bmp,5
./5/bmp151.bmp,5
./5/bmp152.bmp,5
./5/bmp153.bmp,5
./5/bmp154.bmp,5
./5/bmp155.bmp,5
./5/bmp156.bmp,5
./5/bmp157.bmp,5
./5/bmp158.bmp,5
./5/bmp159.bmp,5
./5/bmp160.bmp,5
./5/bmp161.bmp,5
./5/bmp162.bmp,5
./5/bmp163.bmp,5
./5/bmp168.bmp,5
./5/bmp169.bmp,5
./5/bmp170.bmp,5
./5/bmp171.bmp,5
./5/bmp172.bmp,5
./5/bmp173.bmp,5
./5/bmp174.bmp,5
./5/bmp175.bmp,5
./5/bmp176.bmp,5
./5/bmp177.bmp,5
./5/bmp178.bmp,5
./5/bmp179.bmp,5
./5/bmp180.bmp,5
./5/bmp181.bmp,5
./5/bmp182.bmp,5
./5/bmp183.bmp,5
./5/bmp184.bmp,5
./5/bmp185.bmp,5
./5/bmp186.bmp,5
./5/bmp187.bmp,5
./5/bmp188.bmp,5
./5/bmp189.bmp,5
./5/bmp190.bmp,5
./5/bmp191.bmp,5
./5/bmp192.bmp,5
./5/bmp193.bmp,5
./5/bmp194.bmp,5
./5/bmp195.bmp,5
./5/bmp197.bmp,5
./5/bmp198.bmp,5
./5/bmp199.bmp,5
./5/bmp202.bmp,5
./5/bmp203.bmp,5
./5/bmp206.bmp,5
./5/bmp207.bmp,5
./5/bmp210.bmp,5
./5/bmp211.bmp,5
./5/bmp212.bmp,5
./5/bmp213.bmp,5
./5/bmp214.bmp,5
./5/bmp215.bmp,5
./5/bmp218.bmp,5
./5/bmp219.bmp,5
./5/bmp222.bmp,5
./5/bmp223.bmp,5
./5/bmp224.bmp,5
./5/bmp225.bmp,5
./5/bmp226.bmp,5
./5/bmp227.bmp,5
./5/bmp232.bmp,5
./5/bmp233.bmp,5
./5/bmp234.bmp,5
./5/bmp235.bmp,5
./5/bmp236.bmp,5
./5/bmp237.bmp,5
./5/bmp238.bmp,5
./5/bmp239.bmp,5
./5/bmp240.bmp,5
./5/bmp241.bmp,5
./5/bmp242.bmp,5
./5/bmp243.bmp,5
./5/bmp244.bmp,5
./5/bmp245.bmp,5
./5/bmp246.bmp,5
./5/bmp247.bmp,5
./5/bmp249.bmp,5
./5/bmp250.bmp,5
./5/bmp251.bmp,5
./5/bmp252.bmp,5
./5/bmp253.bmp,5
./5/bmp254.bmp,5
./5/bmp255.bmp,5
./5/bmp256.bmp,5
./5/bmp257.bmp,5
./5/bmp258.bmp,5
./5/bmp259.bmp,5
./5/bmp260.bmp,5
./5/bmp261.bmp,5
./5/bmp262.bmp,5
./5/bmp263.bmp,5
./5/bmp264.bmp,5
./5/bmp265.bmp,5
./5/bmp266.bmp,5
./5/bmp267.bmp,5
./5/bmp268.bmp,5
./5/bmp269.bmp,5
./5/bmp270.bmp,5
./5/bmp271.bmp,5
./5/bmp272.bmp,5
./5/bmp273.bmp,5
./5/bmp274.bmp,5
./5/bmp275.bmp,5
./6/bmp009.bmp,6
./6/bmp010.bmp,6
./6/bmp011.bmp,6
./6/bmp012.bmp,6
./6/bmp013.bmp,6
./6/bmp014.bmp,6
./6/bmp015.bmp,6
./6/bmp016.bmp,6
./6/bmp017.bmp,6
./6/bmp018.bmp,6
./6/bmp019.bmp,6
./6/bmp020.bmp,6
./6/bmp021.bmp,6
./6/bmp022.bmp,6
./6/bmp023.bmp,6
./6/bmp028.bmp,6
./6/bmp029.bmp,6
./6/bmp041.bmp,6
./6/bmp042.bmp,6
./6/bmp043.bmp,6
./6/bmp047.bmp,6
./6/bmp051.bmp,6
./6/bmp055.bmp,6
./6/bmp059.bmp,6
./6/bmp061.bmp,6
./6/bmp062.bmp,6
./6/bmp063.bmp,6
./6/bmp065.bmp,6
./6/bmp066.bmp,6
./6/bmp067.bmp,6
./6/bmp068.bmp,6
./6/bmp069.bmp,6
./6/bmp070.bmp,6
./6/bmp073.bmp,6
./6/bmp074.bmp,6
./6/bmp075.bmp,6
./6/bmp076.bmp,6
./6/bmp077.bmp,6
./6/bmp080.bmp,6
./6/bmp085.bmp,6
./6/bmp086.bmp,6
./6/bmp087.bmp,6
./6/bmp088.bmp,6
./6/bmp089.bmp,6
./6/bmp092.bmp,6
./6/bmp093.bmp,6
./6/bmp094.bmp,6
./6/bmp095.bmp,6
./6/bmp098.bmp,6
./6/bmp101.bmp,6
./6/bmp102.bmp,6
./6/bmp103.bmp,6
./6/bmp105.bmp,6
./6/bmp106.bmp,6
./6/bmp107.bmp,6
./6/bmp109.bmp,6
./6/bmp110.bmp,6
./6/bmp111.bmp,6
./6/bmp116.bmp,6
./6/bmp117.bmp,6
./6/bmp118.bmp,6
./6/bmp119.bmp,6
./6/bmp123.bmp,6
./6/bmp125.bmp,6
./6/bmp126.bmp,6
./6/bmp127.bmp,6
./6/bmp128.bmp,6
./6/bmp129.bmp,6
./6/bmp130.bmp,6
./6/bmp131.bmp,6
./6/bmp133.bmp,6
./6/bmp134.bmp,6
./6/bmp135.bmp,6
./6/bmp136.bmp,6
./6/bmp137.bmp,6
./6/bmp138.bmp,6
./6/bmp139.bmp,6
./6/bmp140.bmp,6
./6/bmp141.bmp,6
./6/bmp142.bmp,6
./6/bmp143.bmp,6
./6/bmp144.bmp,6
./6/bmp145.bmp,6
./6/bmp146.bmp,6
./6/bmp147.bmp,6
./6/bmp148.bmp,6
./6/bmp149.bmp,6
./6/bmp150.bmp,6
./6/bmp151.bmp,6
./6/bmp152.bmp,6
./6/bmp153.bmp,6
./6/bmp154.bmp,6
./6/bmp160.bmp,6
./6/bmp161.bmp,6
./6/bmp162.bmp,6
./6/bmp163.bmp,6
./6/bmp164.bmp,6
./6/bmp165.bmp,6
./6/bmp166.bmp,6
./6/bmp167.bmp,6
./6/bmp172.bmp,6
./6/bmp173.bmp,6
./6/bmp174.bmp,6
./6/bmp175.bmp,6
./6/bmp180.bmp,6
./6/bmp181.bmp,6
./6/bmp182.bmp,6
./6/bmp183.bmp,6
./6/bmp184.bmp,6
./6/bmp185.bmp,6
./6/bmp186.bmp,6
./6/bmp187.bmp,6
./6/bmp188.bmp,6
./6/bmp189.bmp,6
./6/bmp190.bmp,6
./6/bmp191.bmp,6
./6/bmp192.bmp,6
./6/bmp193.bmp,6
./6/bmp194.bmp,6
./6/bmp195.bmp,6
./6/bmp196.bmp,6
./6/bmp197.bmp,6
./6/bmp198.bmp,6
./6/bmp199.bmp,6
./6/bmp200.bmp,6
./6/bmp201.bmp,6
./6/bmp202.bmp,6
./6/bmp203.bmp,6
./6/bmp204.bmp,6
./6/bmp205.bmp,6
./6/bmp206.bmp,6
./6/bmp207.bmp,6
./6/bmp208.bmp,6
./6/bmp209.bmp,6
./6/bmp210.bmp,6
./6/bmp211.bmp,6
./6/bmp216.bmp,6
./6/bmp217.bmp,6
./6/bmp218.bmp,6
./6/bmp219.bmp,6
./6/bmp220.bmp,6
./6/bmp221.bmp,6
./6/bmp222.bmp,6
./6/bmp224.bmp,6
./6/bmp225.bmp,6
./6/bmp226.bmp,6
./6/bmp228.bmp,6
./6/bmp229.bmp,6
./6/bmp230.bmp,6
./6/bmp231.bmp,6
./7/bmp013.bmp,7
./7/bmp014.bmp,7
./7/bmp045.bmp,7
./7/bmp046.bmp,7
./7/bmp047.bmp,7
./7/bmp090.bmp,7
./7/bmp091.bmp,7
./7/bmp094.bmp,7
./7/bmp122.bmp,7
./7/bmp123.bmp,7
./7/bmp124.bmp,7
./7/bmp125.bmp,7
./7/bmp126.bmp,7
./7/bmp127.bmp,7
./7/bmp128.bmp,7
./7/bmp129.bmp,7
./7/bmp130.bmp,7
./7/bmp131.bmp,7
./7/bmp132.bmp,7
./7/bmp133.bmp,7
./7/bmp134.bmp,7
./7/bmp135.bmp,7
./7/bmp136.bmp,7
./7/bmp137.bmp,7
./7/bmp138.bmp,7
./7/bmp139.bmp,7
./7/bmp141.bmp,7
./7/bmp142.bmp,7
./7/bmp143.bmp,7
./7/bmp144.bmp,7
./7/bmp145.bmp,7
./7/bmp146.bmp,7
./7/bmp147.bmp,7
./7/bmp148.bmp,7
./7/bmp149.bmp,7
./7/bmp150.bmp,7
./7/bmp151.bmp,7
./7/bmp152.bmp,7
./7/bmp153.bmp,7
./7/bmp154.bmp,7
./7/bmp155.bmp,7
./7/bmp156.bmp,7
./7/bmp157.bmp,7
./7/bmp158.bmp,7
./7/bmp159.bmp,7
./7/bmp160.bmp,7
./7/bmp161.bmp,7
./7/bmp162.bmp,7
./7/bmp163.bmp,7
./7/bmp164.bmp,7
./7/bmp165.bmp,7
./7/bmp166.bmp,7
./7/bmp167.bmp,7
./7/bmp168.bmp,7
./7/bmp169.bmp,7
./7/bmp170.bmp,7
./7/bmp171.bmp,7
./7/bmp172.bmp,7
./7/bmp173.bmp,7
./7/bmp174.bmp,7
./7/bmp175.bmp,7
./7/bmp176.bmp,7
./7/bmp177.bmp,7
./7/bmp178.bmp,7
./7/bmp179.bmp,7
./7/bmp180.bmp,7
./7/bmp181.bmp,7
./7/bmp182.bmp,7
./7/bmp183.bmp,7
./7/bmp184.bmp,7
./7/bmp185.bmp,7
./7/bmp186.bmp,7
./7/bmp187.bmp,7
./7/bmp188.bmp,7
./7/bmp189.bmp,7
./7/bmp190.bmp,7
./7/bmp191.bmp,7
./7/bmp192.bmp,7
./7/bmp193.bmp,7
./7/bmp194.bmp,7
./7/bmp195.bmp,7
./7/bmp196.bmp,7
./7/bmp197.bmp,7
./7/bmp198.bmp,7
./7/bmp199.bmp,7
./7/bmp200.bmp,7
./7/bmp201.bmp,7
./7/bmp202.bmp,7
./7/bmp203.bmp,7
./7/bmp204.bmp,7
./7/bmp205.bmp,7
./7/bmp206.bmp,7
./7/bmp207.bmp,7
./7/bmp208.bmp,7
./7/bmp209.bmp,7
./7/bmp210.bmp,7
./7/bmp211.bmp,7
./7/bmp212.bmp,7
./7/bmp213.bmp,7
./7/bmp214.bmp,7
./7/bmp215.bmp,7
./7/bmp216.bmp,7
./7/bmp217.bmp,7
./7/bmp218.bmp,7
./7/bmp219.bmp,7
./7/bmp220.bmp,7
./7/bmp221.bmp,7
./7/bmp222.bmp,7
./7/bmp223.bmp,7
./8/bmp000.bmp,8
./8/bmp001.bmp,8
./8/bmp002.bmp,8
./8/bmp003.bmp,8
./8/bmp020.bmp,8
./8/bmp021.bmp,8
./8/bmp022.bmp,8
./8/bmp023.bmp,8
./8/bmp025.bmp,8
./8/bmp026.bmp,8
./8/bmp033.bmp,8
./8/bmp034.bmp,8
./8/bmp035.bmp,8
./8/bmp036.bmp,8
./8/bmp037.bmp,8
./8/bmp038.bmp,8
./8/bmp039.bmp,8
./8/bmp040.bmp,8
./8/bmp041.bmp,8
./8/bmp042.bmp,8
./8/bmp043.bmp,8
./8/bmp044.bmp,8
./8/bmp045.bmp,8
./8/bmp046.bmp,8
./8/bmp049.bmp,8
./8/bmp050.bmp,8
./8/bmp051.bmp,8
./8/bmp052.bmp,8
./8/bmp053.bmp,8
./8/bmp054.bmp,8
./8/bmp055.bmp,8
./8/bmp056.bmp,8
./8/bmp057.bmp,8
./8/bmp058.bmp,8
./8/bmp059.bmp,8
./8/bmp060.bmp,8
./8/bmp061.bmp,8
./8/bmp062.bmp,8
./8/bmp063.bmp,8
./8/bmp064.bmp,8
./8/bmp065.bmp,8
./8/bmp066.bmp,8
./8/bmp067.bmp,8
./8/bmp068.bmp,8
./8/bmp069.bmp,8
./8/bmp070.bmp,8
./8/bmp071.bmp,8
./8/bmp074.bmp,8
./8/bmp076.bmp,8
./8/bmp077.bmp,8
./8/bmp078.bmp,8
./8/bmp079.bmp,8
./8/bmp080.bmp,8
./8/bmp081.bmp,8
./8/bmp082.bmp,8
./8/bmp083.bmp,8
./8/bmp084.bmp,8
./8/bmp085.bmp,8
./8/bmp086.bmp,8
./8/bmp087.bmp,8
./8/bmp092.bmp,8
./8/bmp093.bmp,8
./8/bmp094.bmp,8
./8/bmp095.bmp,8
./8/bmp096.bmp,8
./8/bmp097.bmp,8
./8/bmp098.bmp,8
./8/bmp099.bmp,8
./8/bmp100.bmp,8
./8/bmp101.bmp,8
./8/bmp102.bmp,8
./8/bmp103.bmp,8
./8/bmp104.bmp,8
./8/bmp105.bmp,8
./8/bmp106.bmp,8
./8/bmp107.bmp,8
./8/bmp108.bmp,8
./8/bmp109.bmp,8
./8/bmp110.bmp,8
./8/bmp111.bmp,8
./8/bmp112.bmp,8
./8/bmp113.bmp,8
./8/bmp114.bmp,8
./8/bmp115.bmp,8
./8/bmp116.bmp,8
./8/bmp117.bmp,8
./8/bmp118.bmp,8
./8/bmp119.bmp,8
./8/bmp120.bmp,8
./8/bmp121.bmp,8
./8/bmp122.bmp,8
./8/bmp123.bmp,8
./8/bmp124.bmp,8
./8/bmp125.bmp,8
./8/bmp126.bmp,8
./8/bmp127.bmp,8
./8/bmp128.bmp,8
./8/bmp129.bmp,8
./8/bmp130.bmp,8
./8/bmp131.bmp,8
./8/bmp132.bmp,8
./8/bmp135.bmp,8
./8/bmp139.bmp,8
./8/bmp140.bmp,8
./8/bmp143.bmp,8
./8/bmp144.bmp,8
./8/bmp145.bmp,8
./8/bmp146.bmp,8
./8/bmp147.bmp,8
./8/bmp148.bmp,8
./8/bmp149.bmp,8
./8/bmp150.bmp,8
./8/bmp151.bmp,8
./8/bmp152.bmp,8
./8/bmp153.bmp,8
./8/bmp154.bmp,8
./8/bmp157.bmp,8
./8/bmp158.bmp,8
./8/bmp159.bmp,8
./8/bmp160.bmp,8
./8/bmp161.bmp,8
./8/bmp162.bmp,8
./8/bmp164.bmp,8
./8/bmp165.bmp,8
./8/bmp166.bmp,8
./8/bmp167.bmp,8
./9/bmp000.bmp,9
./9/bmp001.bmp,9
./9/bmp002.bmp,9
./9/bmp012.bmp,9
./9/bmp013.bmp,9
./9/bmp014.bmp,9
./9/bmp015.bmp,9
./9/bmp016.bmp,9
./9/bmp017.bmp,9
./9/bmp018.bmp,9
./9/bmp019.bmp,9
./9/bmp020.bmp,9
./9/bmp021.bmp,9
./9/bmp022.bmp,9
./9/bmp023.bmp,9
./9/bmp024.bmp,9
./9/bmp025.bmp,9
./9/bmp026.bmp,9
./9/bmp027.bmp,9
./9/bmp028.bmp,9
./9/bmp029.bmp,9
./9/bmp030.bmp,9
./9/bmp031.bmp,9
./9/bmp032.bmp,9
./9/bmp033.bmp,9
./9/bmp034.bmp,9
./9/bmp035.bmp,9
./9/bmp036.bmp,9
./9/bmp037.bmp,9
./9/bmp038.bmp,9
./9/bmp039.bmp,9
./9/bmp040.bmp,9
./9/bmp041.bmp,9
./9/bmp042.bmp,9
./9/bmp043.bmp,9
./9/bmp044.bmp,9
./9/bmp045.bmp,9
./9/bmp046.bmp,9
./9/bmp047.bmp,9
./9/bmp048.bmp,9
./9/bmp049.bmp,9
./9/bmp050.bmp,9
./9/bmp051.bmp,9
./9/bmp052.bmp,9
./9/bmp053.bmp,9
./9/bmp054.bmp,9
./9/bmp055.bmp,9
./9/bmp056.bmp,9
./9/bmp057.bmp,9
./9/bmp058.bmp,9
./9/bmp059.bmp,9
./9/bmp060.bmp,9
./9/bmp061.bmp,9
./9/bmp062.bmp,9
./9/bmp063.bmp,9
./9/bmp065.bmp,9
./9/bmp066.bmp,9
./9/bmp067.bmp,9
./9/bmp068.bmp,9
./9/bmp069.bmp,9
./9/bmp073.bmp,9
./9/bmp074.bmp,9
./9/bmp075.bmp,9
./9/bmp076.bmp,9
./9/bmp077.bmp,9
./9/bmp078.bmp,9
./9/bmp079.bmp,9
./9/bmp080.bmp,9
./9/bmp081.bmp,9
./9/bmp082.bmp,9
./9/bmp083.bmp,9
./9/bmp084.bmp,9
./9/bmp085.bmp,9
./9/bmp086.bmp,9
./9/bmp087.bmp,9
./9/bmp088.bmp,9
./9/bmp089.bmp,9
./9/bmp090.bmp,9
./9/bmp092.bmp,9
./9/bmp093.bmp,9
./9/bmp094.bmp,9
./9/bmp095.bmp,9
./9/bmp096.bmp,9
./9/bmp097.bmp,9
./9/bmp098.bmp,9
./9/bmp099.bmp,9
./9/bmp104.bmp,9
./9/bmp105.bmp,9
./9/bmp106.bmp,9
./9/bmp107.bmp,9
./9/bmp108.bmp,9
./9/bmp109.bmp,9
./9/bmp110.bmp,9
./9/bmp111.bmp,9
./9/bmp112.bmp,9
./9/bmp113.bmp,9
./9/bmp114.bmp,9
./9/bmp115.bmp,9
./9/bmp116.bmp,9
./9/bmp117.bmp,9
./9/bmp118.bmp,9
./9/bmp119.bmp,9
./9/bmp120.bmp,9
./9/bmp121.bmp,9
./9/bmp122.bmp,9
./9/bmp123.bmp,9
./9/bmp124.bmp,9
./9/bmp125.bmp,9
./9/bmp126.bmp,9
./9/bmp127.bmp,9
./9/bmp128.bmp,9
./9/bmp129.bmp,9
./9/bmp130.bmp,9
./9/bmp131.bmp,9
./9/bmp132.bmp,9
./9/bmp133.bmp,9
./9/bmp134.bmp,9
./9/bmp135.bmp,9
./9/bmp136.bmp,9
./9/bmp137.bmp,9
./9/bmp138.bmp,9
./9/bmp139.bmp,9
./9/bmp141.bmp,9
./9/bmp142.bmp,9
./9/bmp143.bmp,9
./9/bmp148.bmp,9
./9/bmp149.bmp,9
./9/bmp150.bmp,9
./9/bmp151.bmp,9
./9/bmp152.bmp,9
./9/bmp153.bmp,9
./9/bmp154.bmp,9
./9/bmp155.bmp,9
./9/bmp156.bmp,9
./9/bmp157.bmp,9
./9/bmp158.bmp,9
./9/bmp159.bmp,9
./9/bmp160.bmp,9
./9/bmp161.bmp,9
./9/bmp162.bmp,9
./9/bmp163.bmp,9
./9/bmp164.bmp,9
./9/bmp165.bmp,9
./9/bmp166.bmp,9
./9/bmp167.bmp,9
./9/bmp169.bmp,9
./9/bmp170.bmp,9
./9/bmp171.bmp,9
./9/bmp172.bmp,9
./9/bmp173.bmp,9
./9/bmp174.bmp,9
./9/bmp180.bmp,9
./9/bmp181.bmp,9
./9/bmp182.bmp,9
./9/bmp183.bmp,9
./9/bmp184.bmp,9
./9/bmp185.bmp,9
./9/bmp186.bmp,9
./9/bmp187.bmp,9
./9/bmp188.bmp,9
./9/bmp189.bmp,9
./9/bmp190.bmp,9
./9/bmp191.bmp,9
./9/bmp192.bmp,9
./9/bmp193.bmp,9
./9/bmp194.bmp,9
./9/bmp195.bmp,9
./9/bmp200.bmp,9
./9/bmp201.bmp,9
./9/bmp202.bmp,9
./9/bmp203.bmp,9
./9/bmp204.bmp,9
./9/bmp205.bmp,9
./9/bmp206.bmp,9
./9/bmp207.bmp,9
./9/bmp208.bmp,9
./9/bmp209.bmp,9
./9/bmp210.bmp,9
./9/bmp211.bmp,9
