x:in,y:out
D:\cygwin64\home\yyyy_\digital_meter_reading/train/input/0.png,D:\cygwin64\home\yyyy_\digital_meter_reading/train/output/0.png
D:\cygwin64\home\yyyy_\digital_meter_reading/train/input/1.png,D:\cygwin64\home\yyyy_\digital_meter_reading/train/output/1.png
D:\cygwin64\home\yyyy_\digital_meter_reading/train/input/2.png,D:\cygwin64\home\yyyy_\digital_meter_reading/train/output/2.png
D:\cygwin64\home\yyyy_\digital_meter_reading/train/input/3.png,D:\cygwin64\home\yyyy_\digital_meter_reading/train/output/3.png
D:\cygwin64\home\yyyy_\digital_meter_reading/train/input/4.png,D:\cygwin64\home\yyyy_\digital_meter_reading/train/output/4.png
D:\cygwin64\home\yyyy_\digital_meter_reading/train/input/5.png,D:\cygwin64\home\yyyy_\digital_meter_reading/train/output/5.png
D:\cygwin64\home\yyyy_\digital_meter_reading/train/input/6.png,D:\cygwin64\home\yyyy_\digital_meter_reading/train/output/6.png
D:\cygwin64\home\yyyy_\digital_meter_reading/train/input/7.png,D:\cygwin64\home\yyyy_\digital_meter_reading/train/output/7.png
D:\cygwin64\home\yyyy_\digital_meter_reading/train/input/8.png,D:\cygwin64\home\yyyy_\digital_meter_reading/train/output/8.png
D:\cygwin64\home\yyyy_\digital_meter_reading/train/input/9.png,D:\cygwin64\home\yyyy_\digital_meter_reading/train/output/9.png
D:\cygwin64\home\yyyy_\digital_meter_reading/train/input/10.png,D:\cygwin64\home\yyyy_\digital_meter_reading/train/output/10.png
D:\cygwin64\home\yyyy_\digital_meter_reading/train/input/11.png,D:\cygwin64\home\yyyy_\digital_meter_reading/train/output/11.png
D:\cygwin64\home\yyyy_\digital_meter_reading/train/input/12.png,D:\cygwin64\home\yyyy_\digital_meter_reading/train/output/12.png
D:\cygwin64\home\yyyy_\digital_meter_reading/train/input/13.png,D:\cygwin64\home\yyyy_\digital_meter_reading/train/output/13.png
D:\cygwin64\home\yyyy_\digital_meter_reading/train/input/14.png,D:\cygwin64\home\yyyy_\digital_meter_reading/train/output/14.png
D:\cygwin64\home\yyyy_\digital_meter_reading/train/input/15.png,D:\cygwin64\home\yyyy_\digital_meter_reading/train/output/15.png
D:\cygwin64\home\yyyy_\digital_meter_reading/train/input/16.png,D:\cygwin64\home\yyyy_\digital_meter_reading/train/output/16.png
D:\cygwin64\home\yyyy_\digital_meter_reading/train/input/17.png,D:\cygwin64\home\yyyy_\digital_meter_reading/train/output/17.png
D:\cygwin64\home\yyyy_\digital_meter_reading/train/input/18.png,D:\cygwin64\home\yyyy_\digital_meter_reading/train/output/18.png
D:\cygwin64\home\yyyy_\digital_meter_reading/train/input/19.png,D:\cygwin64\home\yyyy_\digital_meter_reading/train/output/19.png
D:\cygwin64\home\yyyy_\digital_meter_reading/train/input/20.png,D:\cygwin64\home\yyyy_\digital_meter_reading/train/output/20.png
D:\cygwin64\home\yyyy_\digital_meter_reading/train/input/21.png,D:\cygwin64\home\yyyy_\digital_meter_reading/train/output/21.png
D:\cygwin64\home\yyyy_\digital_meter_reading/train/input/22.png,D:\cygwin64\home\yyyy_\digital_meter_reading/train/output/22.png
D:\cygwin64\home\yyyy_\digital_meter_reading/train/input/23.png,D:\cygwin64\home\yyyy_\digital_meter_reading/train/output/23.png
D:\cygwin64\home\yyyy_\digital_meter_reading/train/input/24.png,D:\cygwin64\home\yyyy_\digital_meter_reading/train/output/24.png
D:\cygwin64\home\yyyy_\digital_meter_reading/train/input/25.png,D:\cygwin64\home\yyyy_\digital_meter_reading/train/output/25.png
D:\cygwin64\home\yyyy_\digital_meter_reading/train/input/26.png,D:\cygwin64\home\yyyy_\digital_meter_reading/train/output/26.png
D:\cygwin64\home\yyyy_\digital_meter_reading/train/input/27.png,D:\cygwin64\home\yyyy_\digital_meter_reading/train/output/27.png
D:\cygwin64\home\yyyy_\digital_meter_reading/train/input/28.png,D:\cygwin64\home\yyyy_\digital_meter_reading/train/output/28.png
D:\cygwin64\home\yyyy_\digital_meter_reading/train/input/29.png,D:\cygwin64\home\yyyy_\digital_meter_reading/train/output/29.png
D:\cygwin64\home\yyyy_\digital_meter_reading/train/input/30.png,D:\cygwin64\home\yyyy_\digital_meter_reading/train/output/30.png
D:\cygwin64\home\yyyy_\digital_meter_reading/train/input/31.png,D:\cygwin64\home\yyyy_\digital_meter_reading/train/output/31.png
D:\cygwin64\home\yyyy_\digital_meter_reading/train/input/32.png,D:\cygwin64\home\yyyy_\digital_meter_reading/train/output/32.png
D:\cygwin64\home\yyyy_\digital_meter_reading/train/input/33.png,D:\cygwin64\home\yyyy_\digital_meter_reading/train/output/33.png
D:\cygwin64\home\yyyy_\digital_meter_reading/train/input/34.png,D:\cygwin64\home\yyyy_\digital_meter_reading/train/output/34.png
D:\cygwin64\home\yyyy_\digital_meter_reading/train/input/35.png,D:\cygwin64\home\yyyy_\digital_meter_reading/train/output/35.png
D:\cygwin64\home\yyyy_\digital_meter_reading/train/input/36.png,D:\cygwin64\home\yyyy_\digital_meter_reading/train/output/36.png
D:\cygwin64\home\yyyy_\digital_meter_reading/train/input/37.png,D:\cygwin64\home\yyyy_\digital_meter_reading/train/output/37.png
D:\cygwin64\home\yyyy_\digital_meter_reading/train/input/38.png,D:\cygwin64\home\yyyy_\digital_meter_reading/train/output/38.png
D:\cygwin64\home\yyyy_\digital_meter_reading/train/input/39.png,D:\cygwin64\home\yyyy_\digital_meter_reading/train/output/39.png
D:\cygwin64\home\yyyy_\digital_meter_reading/train/input/40.png,D:\cygwin64\home\yyyy_\digital_meter_reading/train/output/40.png
D:\cygwin64\home\yyyy_\digital_meter_reading/train/input/41.png,D:\cygwin64\home\yyyy_\digital_meter_reading/train/output/41.png
D:\cygwin64\home\yyyy_\digital_meter_reading/train/input/42.png,D:\cygwin64\home\yyyy_\digital_meter_reading/train/output/42.png
D:\cygwin64\home\yyyy_\digital_meter_reading/train/input/43.png,D:\cygwin64\home\yyyy_\digital_meter_reading/train/output/43.png
D:\cygwin64\home\yyyy_\digital_meter_reading/train/input/44.png,D:\cygwin64\home\yyyy_\digital_meter_reading/train/output/44.png
D:\cygwin64\home\yyyy_\digital_meter_reading/train/input/45.png,D:\cygwin64\home\yyyy_\digital_meter_reading/train/output/45.png
D:\cygwin64\home\yyyy_\digital_meter_reading/train/input/46.png,D:\cygwin64\home\yyyy_\digital_meter_reading/train/output/46.png
D:\cygwin64\home\yyyy_\digital_meter_reading/train/input/47.png,D:\cygwin64\home\yyyy_\digital_meter_reading/train/output/47.png
D:\cygwin64\home\yyyy_\digital_meter_reading/train/input/48.png,D:\cygwin64\home\yyyy_\digital_meter_reading/train/output/48.png
D:\cygwin64\home\yyyy_\digital_meter_reading/train/input/49.png,D:\cygwin64\home\yyyy_\digital_meter_reading/train/output/49.png
D:\cygwin64\home\yyyy_\digital_meter_reading/train/input/50.png,D:\cygwin64\home\yyyy_\digital_meter_reading/train/output/50.png
D:\cygwin64\home\yyyy_\digital_meter_reading/train/input/51.png,D:\cygwin64\home\yyyy_\digital_meter_reading/train/output/51.png
D:\cygwin64\home\yyyy_\digital_meter_reading/train/input/52.png,D:\cygwin64\home\yyyy_\digital_meter_reading/train/output/52.png
D:\cygwin64\home\yyyy_\digital_meter_reading/train/input/53.png,D:\cygwin64\home\yyyy_\digital_meter_reading/train/output/53.png
D:\cygwin64\home\yyyy_\digital_meter_reading/train/input/54.png,D:\cygwin64\home\yyyy_\digital_meter_reading/train/output/54.png
D:\cygwin64\home\yyyy_\digital_meter_reading/train/input/55.png,D:\cygwin64\home\yyyy_\digital_meter_reading/train/output/55.png
D:\cygwin64\home\yyyy_\digital_meter_reading/train/input/56.png,D:\cygwin64\home\yyyy_\digital_meter_reading/train/output/56.png
D:\cygwin64\home\yyyy_\digital_meter_reading/train/input/57.png,D:\cygwin64\home\yyyy_\digital_meter_reading/train/output/57.png
D:\cygwin64\home\yyyy_\digital_meter_reading/train/input/58.png,D:\cygwin64\home\yyyy_\digital_meter_reading/train/output/58.png
D:\cygwin64\home\yyyy_\digital_meter_reading/train/input/59.png,D:\cygwin64\home\yyyy_\digital_meter_reading/train/output/59.png
D:\cygwin64\home\yyyy_\digital_meter_reading/train/input/60.png,D:\cygwin64\home\yyyy_\digital_meter_reading/train/output/60.png
D:\cygwin64\home\yyyy_\digital_meter_reading/train/input/61.png,D:\cygwin64\home\yyyy_\digital_meter_reading/train/output/61.png
D:\cygwin64\home\yyyy_\digital_meter_reading/train/input/62.png,D:\cygwin64\home\yyyy_\digital_meter_reading/train/output/62.png
D:\cygwin64\home\yyyy_\digital_meter_reading/train/input/63.png,D:\cygwin64\home\yyyy_\digital_meter_reading/train/output/63.png
D:\cygwin64\home\yyyy_\digital_meter_reading/train/input/64.png,D:\cygwin64\home\yyyy_\digital_meter_reading/train/output/64.png
D:\cygwin64\home\yyyy_\digital_meter_reading/train/input/65.png,D:\cygwin64\home\yyyy_\digital_meter_reading/train/output/65.png
D:\cygwin64\home\yyyy_\digital_meter_reading/train/input/66.png,D:\cygwin64\home\yyyy_\digital_meter_reading/train/output/66.png
D:\cygwin64\home\yyyy_\digital_meter_reading/train/input/67.png,D:\cygwin64\home\yyyy_\digital_meter_reading/train/output/67.png
D:\cygwin64\home\yyyy_\digital_meter_reading/train/input/68.png,D:\cygwin64\home\yyyy_\digital_meter_reading/train/output/68.png
D:\cygwin64\home\yyyy_\digital_meter_reading/train/input/69.png,D:\cygwin64\home\yyyy_\digital_meter_reading/train/output/69.png
D:\cygwin64\home\yyyy_\digital_meter_reading/train/input/70.png,D:\cygwin64\home\yyyy_\digital_meter_reading/train/output/70.png
D:\cygwin64\home\yyyy_\digital_meter_reading/train/input/71.png,D:\cygwin64\home\yyyy_\digital_meter_reading/train/output/71.png
D:\cygwin64\home\yyyy_\digital_meter_reading/train/input/72.png,D:\cygwin64\home\yyyy_\digital_meter_reading/train/output/72.png
D:\cygwin64\home\yyyy_\digital_meter_reading/train/input/73.png,D:\cygwin64\home\yyyy_\digital_meter_reading/train/output/73.png
D:\cygwin64\home\yyyy_\digital_meter_reading/train/input/74.png,D:\cygwin64\home\yyyy_\digital_meter_reading/train/output/74.png
D:\cygwin64\home\yyyy_\digital_meter_reading/train/input/75.png,D:\cygwin64\home\yyyy_\digital_meter_reading/train/output/75.png
D:\cygwin64\home\yyyy_\digital_meter_reading/train/input/76.png,D:\cygwin64\home\yyyy_\digital_meter_reading/train/output/76.png
D:\cygwin64\home\yyyy_\digital_meter_reading/train/input/77.png,D:\cygwin64\home\yyyy_\digital_meter_reading/train/output/77.png
D:\cygwin64\home\yyyy_\digital_meter_reading/train/input/78.png,D:\cygwin64\home\yyyy_\digital_meter_reading/train/output/78.png
D:\cygwin64\home\yyyy_\digital_meter_reading/train/input/79.png,D:\cygwin64\home\yyyy_\digital_meter_reading/train/output/79.png
D:\cygwin64\home\yyyy_\digital_meter_reading/train/input/80.png,D:\cygwin64\home\yyyy_\digital_meter_reading/train/output/80.png
D:\cygwin64\home\yyyy_\digital_meter_reading/train/input/81.png,D:\cygwin64\home\yyyy_\digital_meter_reading/train/output/81.png
D:\cygwin64\home\yyyy_\digital_meter_reading/train/input/82.png,D:\cygwin64\home\yyyy_\digital_meter_reading/train/output/82.png
D:\cygwin64\home\yyyy_\digital_meter_reading/train/input/83.png,D:\cygwin64\home\yyyy_\digital_meter_reading/train/output/83.png
D:\cygwin64\home\yyyy_\digital_meter_reading/train/input/84.png,D:\cygwin64\home\yyyy_\digital_meter_reading/train/output/84.png
D:\cygwin64\home\yyyy_\digital_meter_reading/train/input/85.png,D:\cygwin64\home\yyyy_\digital_meter_reading/train/output/85.png
D:\cygwin64\home\yyyy_\digital_meter_reading/train/input/86.png,D:\cygwin64\home\yyyy_\digital_meter_reading/train/output/86.png
D:\cygwin64\home\yyyy_\digital_meter_reading/train/input/87.png,D:\cygwin64\home\yyyy_\digital_meter_reading/train/output/87.png
D:\cygwin64\home\yyyy_\digital_meter_reading/train/input/88.png,D:\cygwin64\home\yyyy_\digital_meter_reading/train/output/88.png
D:\cygwin64\home\yyyy_\digital_meter_reading/train/input/89.png,D:\cygwin64\home\yyyy_\digital_meter_reading/train/output/89.png
D:\cygwin64\home\yyyy_\digital_meter_reading/train/input/90.png,D:\cygwin64\home\yyyy_\digital_meter_reading/train/output/90.png
D:\cygwin64\home\yyyy_\digital_meter_reading/train/input/91.png,D:\cygwin64\home\yyyy_\digital_meter_reading/train/output/91.png
D:\cygwin64\home\yyyy_\digital_meter_reading/train/input/92.png,D:\cygwin64\home\yyyy_\digital_meter_reading/train/output/92.png
D:\cygwin64\home\yyyy_\digital_meter_reading/train/input/93.png,D:\cygwin64\home\yyyy_\digital_meter_reading/train/output/93.png
D:\cygwin64\home\yyyy_\digital_meter_reading/train/input/94.png,D:\cygwin64\home\yyyy_\digital_meter_reading/train/output/94.png
D:\cygwin64\home\yyyy_\digital_meter_reading/train/input/95.png,D:\cygwin64\home\yyyy_\digital_meter_reading/train/output/95.png
D:\cygwin64\home\yyyy_\digital_meter_reading/train/input/96.png,D:\cygwin64\home\yyyy_\digital_meter_reading/train/output/96.png
D:\cygwin64\home\yyyy_\digital_meter_reading/train/input/97.png,D:\cygwin64\home\yyyy_\digital_meter_reading/train/output/97.png
D:\cygwin64\home\yyyy_\digital_meter_reading/train/input/98.png,D:\cygwin64\home\yyyy_\digital_meter_reading/train/output/98.png
D:\cygwin64\home\yyyy_\digital_meter_reading/train/input/99.png,D:\cygwin64\home\yyyy_\digital_meter_reading/train/output/99.png
D:\cygwin64\home\yyyy_\digital_meter_reading/train/input/100.png,D:\cygwin64\home\yyyy_\digital_meter_reading/train/output/100.png
D:\cygwin64\home\yyyy_\digital_meter_reading/train/input/101.png,D:\cygwin64\home\yyyy_\digital_meter_reading/train/output/101.png
D:\cygwin64\home\yyyy_\digital_meter_reading/train/input/102.png,D:\cygwin64\home\yyyy_\digital_meter_reading/train/output/102.png
D:\cygwin64\home\yyyy_\digital_meter_reading/train/input/103.png,D:\cygwin64\home\yyyy_\digital_meter_reading/train/output/103.png
D:\cygwin64\home\yyyy_\digital_meter_reading/train/input/104.png,D:\cygwin64\home\yyyy_\digital_meter_reading/train/output/104.png
D:\cygwin64\home\yyyy_\digital_meter_reading/train/input/105.png,D:\cygwin64\home\yyyy_\digital_meter_reading/train/output/105.png
D:\cygwin64\home\yyyy_\digital_meter_reading/train/input/106.png,D:\cygwin64\home\yyyy_\digital_meter_reading/train/output/106.png
D:\cygwin64\home\yyyy_\digital_meter_reading/train/input/107.png,D:\cygwin64\home\yyyy_\digital_meter_reading/train/output/107.png
D:\cygwin64\home\yyyy_\digital_meter_reading/train/input/108.png,D:\cygwin64\home\yyyy_\digital_meter_reading/train/output/108.png
D:\cygwin64\home\yyyy_\digital_meter_reading/train/input/109.png,D:\cygwin64\home\yyyy_\digital_meter_reading/train/output/109.png
D:\cygwin64\home\yyyy_\digital_meter_reading/train/input/110.png,D:\cygwin64\home\yyyy_\digital_meter_reading/train/output/110.png
D:\cygwin64\home\yyyy_\digital_meter_reading/train/input/111.png,D:\cygwin64\home\yyyy_\digital_meter_reading/train/output/111.png
D:\cygwin64\home\yyyy_\digital_meter_reading/train/input/112.png,D:\cygwin64\home\yyyy_\digital_meter_reading/train/output/112.png
D:\cygwin64\home\yyyy_\digital_meter_reading/train/input/113.png,D:\cygwin64\home\yyyy_\digital_meter_reading/train/output/113.png
D:\cygwin64\home\yyyy_\digital_meter_reading/train/input/114.png,D:\cygwin64\home\yyyy_\digital_meter_reading/train/output/114.png
D:\cygwin64\home\yyyy_\digital_meter_reading/train/input/115.png,D:\cygwin64\home\yyyy_\digital_meter_reading/train/output/115.png
D:\cygwin64\home\yyyy_\digital_meter_reading/train/input/116.png,D:\cygwin64\home\yyyy_\digital_meter_reading/train/output/116.png
D:\cygwin64\home\yyyy_\digital_meter_reading/train/input/117.png,D:\cygwin64\home\yyyy_\digital_meter_reading/train/output/117.png
D:\cygwin64\home\yyyy_\digital_meter_reading/train/input/118.png,D:\cygwin64\home\yyyy_\digital_meter_reading/train/output/118.png
D:\cygwin64\home\yyyy_\digital_meter_reading/train/input/119.png,D:\cygwin64\home\yyyy_\digital_meter_reading/train/output/119.png
D:\cygwin64\home\yyyy_\digital_meter_reading/train/input/120.png,D:\cygwin64\home\yyyy_\digital_meter_reading/train/output/120.png
D:\cygwin64\home\yyyy_\digital_meter_reading/train/input/121.png,D:\cygwin64\home\yyyy_\digital_meter_reading/train/output/121.png
D:\cygwin64\home\yyyy_\digital_meter_reading/train/input/122.png,D:\cygwin64\home\yyyy_\digital_meter_reading/train/output/122.png
D:\cygwin64\home\yyyy_\digital_meter_reading/train/input/123.png,D:\cygwin64\home\yyyy_\digital_meter_reading/train/output/123.png
D:\cygwin64\home\yyyy_\digital_meter_reading/train/input/124.png,D:\cygwin64\home\yyyy_\digital_meter_reading/train/output/124.png
D:\cygwin64\home\yyyy_\digital_meter_reading/train/input/125.png,D:\cygwin64\home\yyyy_\digital_meter_reading/train/output/125.png
D:\cygwin64\home\yyyy_\digital_meter_reading/train/input/126.png,D:\cygwin64\home\yyyy_\digital_meter_reading/train/output/126.png
D:\cygwin64\home\yyyy_\digital_meter_reading/train/input/127.png,D:\cygwin64\home\yyyy_\digital_meter_reading/train/output/127.png
D:\cygwin64\home\yyyy_\digital_meter_reading/train/input/128.png,D:\cygwin64\home\yyyy_\digital_meter_reading/train/output/128.png
D:\cygwin64\home\yyyy_\digital_meter_reading/train/input/129.png,D:\cygwin64\home\yyyy_\digital_meter_reading/train/output/129.png
D:\cygwin64\home\yyyy_\digital_meter_reading/train/input/130.png,D:\cygwin64\home\yyyy_\digital_meter_reading/train/output/130.png
D:\cygwin64\home\yyyy_\digital_meter_reading/train/input/131.png,D:\cygwin64\home\yyyy_\digital_meter_reading/train/output/131.png
D:\cygwin64\home\yyyy_\digital_meter_reading/train/input/132.png,D:\cygwin64\home\yyyy_\digital_meter_reading/train/output/132.png
D:\cygwin64\home\yyyy_\digital_meter_reading/train/input/133.png,D:\cygwin64\home\yyyy_\digital_meter_reading/train/output/133.png
D:\cygwin64\home\yyyy_\digital_meter_reading/train/input/134.png,D:\cygwin64\home\yyyy_\digital_meter_reading/train/output/134.png
D:\cygwin64\home\yyyy_\digital_meter_reading/train/input/135.png,D:\cygwin64\home\yyyy_\digital_meter_reading/train/output/135.png
D:\cygwin64\home\yyyy_\digital_meter_reading/train/input/136.png,D:\cygwin64\home\yyyy_\digital_meter_reading/train/output/136.png
D:\cygwin64\home\yyyy_\digital_meter_reading/train/input/137.png,D:\cygwin64\home\yyyy_\digital_meter_reading/train/output/137.png
D:\cygwin64\home\yyyy_\digital_meter_reading/train/input/138.png,D:\cygwin64\home\yyyy_\digital_meter_reading/train/output/138.png
D:\cygwin64\home\yyyy_\digital_meter_reading/train/input/139.png,D:\cygwin64\home\yyyy_\digital_meter_reading/train/output/139.png
D:\cygwin64\home\yyyy_\digital_meter_reading/train/input/140.png,D:\cygwin64\home\yyyy_\digital_meter_reading/train/output/140.png
D:\cygwin64\home\yyyy_\digital_meter_reading/train/input/141.png,D:\cygwin64\home\yyyy_\digital_meter_reading/train/output/141.png
D:\cygwin64\home\yyyy_\digital_meter_reading/train/input/142.png,D:\cygwin64\home\yyyy_\digital_meter_reading/train/output/142.png
D:\cygwin64\home\yyyy_\digital_meter_reading/train/input/143.png,D:\cygwin64\home\yyyy_\digital_meter_reading/train/output/143.png
D:\cygwin64\home\yyyy_\digital_meter_reading/train/input/144.png,D:\cygwin64\home\yyyy_\digital_meter_reading/train/output/144.png
D:\cygwin64\home\yyyy_\digital_meter_reading/train/input/145.png,D:\cygwin64\home\yyyy_\digital_meter_reading/train/output/145.png
D:\cygwin64\home\yyyy_\digital_meter_reading/train/input/146.png,D:\cygwin64\home\yyyy_\digital_meter_reading/train/output/146.png
D:\cygwin64\home\yyyy_\digital_meter_reading/train/input/147.png,D:\cygwin64\home\yyyy_\digital_meter_reading/train/output/147.png
D:\cygwin64\home\yyyy_\digital_meter_reading/train/input/148.png,D:\cygwin64\home\yyyy_\digital_meter_reading/train/output/148.png
D:\cygwin64\home\yyyy_\digital_meter_reading/train/input/149.png,D:\cygwin64\home\yyyy_\digital_meter_reading/train/output/149.png
D:\cygwin64\home\yyyy_\digital_meter_reading/train/input/150.png,D:\cygwin64\home\yyyy_\digital_meter_reading/train/output/150.png
D:\cygwin64\home\yyyy_\digital_meter_reading/train/input/151.png,D:\cygwin64\home\yyyy_\digital_meter_reading/train/output/151.png
D:\cygwin64\home\yyyy_\digital_meter_reading/train/input/152.png,D:\cygwin64\home\yyyy_\digital_meter_reading/train/output/152.png
D:\cygwin64\home\yyyy_\digital_meter_reading/train/input/153.png,D:\cygwin64\home\yyyy_\digital_meter_reading/train/output/153.png
D:\cygwin64\home\yyyy_\digital_meter_reading/train/input/154.png,D:\cygwin64\home\yyyy_\digital_meter_reading/train/output/154.png
D:\cygwin64\home\yyyy_\digital_meter_reading/train/input/155.png,D:\cygwin64\home\yyyy_\digital_meter_reading/train/output/155.png
D:\cygwin64\home\yyyy_\digital_meter_reading/train/input/156.png,D:\cygwin64\home\yyyy_\digital_meter_reading/train/output/156.png
D:\cygwin64\home\yyyy_\digital_meter_reading/train/input/157.png,D:\cygwin64\home\yyyy_\digital_meter_reading/train/output/157.png
D:\cygwin64\home\yyyy_\digital_meter_reading/train/input/158.png,D:\cygwin64\home\yyyy_\digital_meter_reading/train/output/158.png
D:\cygwin64\home\yyyy_\digital_meter_reading/train/input/159.png,D:\cygwin64\home\yyyy_\digital_meter_reading/train/output/159.png
D:\cygwin64\home\yyyy_\digital_meter_reading/train/input/160.png,D:\cygwin64\home\yyyy_\digital_meter_reading/train/output/160.png
D:\cygwin64\home\yyyy_\digital_meter_reading/train/input/161.png,D:\cygwin64\home\yyyy_\digital_meter_reading/train/output/161.png
D:\cygwin64\home\yyyy_\digital_meter_reading/train/input/162.png,D:\cygwin64\home\yyyy_\digital_meter_reading/train/output/162.png
D:\cygwin64\home\yyyy_\digital_meter_reading/train/input/163.png,D:\cygwin64\home\yyyy_\digital_meter_reading/train/output/163.png
D:\cygwin64\home\yyyy_\digital_meter_reading/train/input/164.png,D:\cygwin64\home\yyyy_\digital_meter_reading/train/output/164.png
D:\cygwin64\home\yyyy_\digital_meter_reading/train/input/165.png,D:\cygwin64\home\yyyy_\digital_meter_reading/train/output/165.png
D:\cygwin64\home\yyyy_\digital_meter_reading/train/input/166.png,D:\cygwin64\home\yyyy_\digital_meter_reading/train/output/166.png
D:\cygwin64\home\yyyy_\digital_meter_reading/train/input/167.png,D:\cygwin64\home\yyyy_\digital_meter_reading/train/output/167.png
D:\cygwin64\home\yyyy_\digital_meter_reading/train/input/168.png,D:\cygwin64\home\yyyy_\digital_meter_reading/train/output/168.png
D:\cygwin64\home\yyyy_\digital_meter_reading/train/input/169.png,D:\cygwin64\home\yyyy_\digital_meter_reading/train/output/169.png
D:\cygwin64\home\yyyy_\digital_meter_reading/train/input/170.png,D:\cygwin64\home\yyyy_\digital_meter_reading/train/output/170.png
D:\cygwin64\home\yyyy_\digital_meter_reading/train/input/171.png,D:\cygwin64\home\yyyy_\digital_meter_reading/train/output/171.png
D:\cygwin64\home\yyyy_\digital_meter_reading/train/input/172.png,D:\cygwin64\home\yyyy_\digital_meter_reading/train/output/172.png
D:\cygwin64\home\yyyy_\digital_meter_reading/train/input/173.png,D:\cygwin64\home\yyyy_\digital_meter_reading/train/output/173.png
D:\cygwin64\home\yyyy_\digital_meter_reading/train/input/174.png,D:\cygwin64\home\yyyy_\digital_meter_reading/train/output/174.png
D:\cygwin64\home\yyyy_\digital_meter_reading/train/input/175.png,D:\cygwin64\home\yyyy_\digital_meter_reading/train/output/175.png
D:\cygwin64\home\yyyy_\digital_meter_reading/train/input/176.png,D:\cygwin64\home\yyyy_\digital_meter_reading/train/output/176.png
D:\cygwin64\home\yyyy_\digital_meter_reading/train/input/177.png,D:\cygwin64\home\yyyy_\digital_meter_reading/train/output/177.png
D:\cygwin64\home\yyyy_\digital_meter_reading/train/input/178.png,D:\cygwin64\home\yyyy_\digital_meter_reading/train/output/178.png
D:\cygwin64\home\yyyy_\digital_meter_reading/train/input/179.png,D:\cygwin64\home\yyyy_\digital_meter_reading/train/output/179.png
D:\cygwin64\home\yyyy_\digital_meter_reading/train/input/180.png,D:\cygwin64\home\yyyy_\digital_meter_reading/train/output/180.png
D:\cygwin64\home\yyyy_\digital_meter_reading/train/input/181.png,D:\cygwin64\home\yyyy_\digital_meter_reading/train/output/181.png
D:\cygwin64\home\yyyy_\digital_meter_reading/train/input/182.png,D:\cygwin64\home\yyyy_\digital_meter_reading/train/output/182.png
D:\cygwin64\home\yyyy_\digital_meter_reading/train/input/183.png,D:\cygwin64\home\yyyy_\digital_meter_reading/train/output/183.png
D:\cygwin64\home\yyyy_\digital_meter_reading/train/input/184.png,D:\cygwin64\home\yyyy_\digital_meter_reading/train/output/184.png
D:\cygwin64\home\yyyy_\digital_meter_reading/train/input/185.png,D:\cygwin64\home\yyyy_\digital_meter_reading/train/output/185.png
D:\cygwin64\home\yyyy_\digital_meter_reading/train/input/186.png,D:\cygwin64\home\yyyy_\digital_meter_reading/train/output/186.png
D:\cygwin64\home\yyyy_\digital_meter_reading/train/input/187.png,D:\cygwin64\home\yyyy_\digital_meter_reading/train/output/187.png
D:\cygwin64\home\yyyy_\digital_meter_reading/train/input/188.png,D:\cygwin64\home\yyyy_\digital_meter_reading/train/output/188.png
D:\cygwin64\home\yyyy_\digital_meter_reading/train/input/189.png,D:\cygwin64\home\yyyy_\digital_meter_reading/train/output/189.png
D:\cygwin64\home\yyyy_\digital_meter_reading/train/input/190.png,D:\cygwin64\home\yyyy_\digital_meter_reading/train/output/190.png
D:\cygwin64\home\yyyy_\digital_meter_reading/train/input/191.png,D:\cygwin64\home\yyyy_\digital_meter_reading/train/output/191.png
D:\cygwin64\home\yyyy_\digital_meter_reading/train/input/192.png,D:\cygwin64\home\yyyy_\digital_meter_reading/train/output/192.png
D:\cygwin64\home\yyyy_\digital_meter_reading/train/input/193.png,D:\cygwin64\home\yyyy_\digital_meter_reading/train/output/193.png
D:\cygwin64\home\yyyy_\digital_meter_reading/train/input/194.png,D:\cygwin64\home\yyyy_\digital_meter_reading/train/output/194.png
D:\cygwin64\home\yyyy_\digital_meter_reading/train/input/195.png,D:\cygwin64\home\yyyy_\digital_meter_reading/train/output/195.png
D:\cygwin64\home\yyyy_\digital_meter_reading/train/input/196.png,D:\cygwin64\home\yyyy_\digital_meter_reading/train/output/196.png
D:\cygwin64\home\yyyy_\digital_meter_reading/train/input/197.png,D:\cygwin64\home\yyyy_\digital_meter_reading/train/output/197.png
D:\cygwin64\home\yyyy_\digital_meter_reading/train/input/198.png,D:\cygwin64\home\yyyy_\digital_meter_reading/train/output/198.png
D:\cygwin64\home\yyyy_\digital_meter_reading/train/input/199.png,D:\cygwin64\home\yyyy_\digital_meter_reading/train/output/199.png
D:\cygwin64\home\yyyy_\digital_meter_reading/train/input/200.png,D:\cygwin64\home\yyyy_\digital_meter_reading/train/output/200.png
D:\cygwin64\home\yyyy_\digital_meter_reading/train/input/201.png,D:\cygwin64\home\yyyy_\digital_meter_reading/train/output/201.png
D:\cygwin64\home\yyyy_\digital_meter_reading/train/input/202.png,D:\cygwin64\home\yyyy_\digital_meter_reading/train/output/202.png
D:\cygwin64\home\yyyy_\digital_meter_reading/train/input/203.png,D:\cygwin64\home\yyyy_\digital_meter_reading/train/output/203.png
D:\cygwin64\home\yyyy_\digital_meter_reading/train/input/204.png,D:\cygwin64\home\yyyy_\digital_meter_reading/train/output/204.png
D:\cygwin64\home\yyyy_\digital_meter_reading/train/input/205.png,D:\cygwin64\home\yyyy_\digital_meter_reading/train/output/205.png
D:\cygwin64\home\yyyy_\digital_meter_reading/train/input/206.png,D:\cygwin64\home\yyyy_\digital_meter_reading/train/output/206.png
D:\cygwin64\home\yyyy_\digital_meter_reading/train/input/207.png,D:\cygwin64\home\yyyy_\digital_meter_reading/train/output/207.png
D:\cygwin64\home\yyyy_\digital_meter_reading/train/input/208.png,D:\cygwin64\home\yyyy_\digital_meter_reading/train/output/208.png
D:\cygwin64\home\yyyy_\digital_meter_reading/train/input/209.png,D:\cygwin64\home\yyyy_\digital_meter_reading/train/output/209.png
D:\cygwin64\home\yyyy_\digital_meter_reading/train/input/210.png,D:\cygwin64\home\yyyy_\digital_meter_reading/train/output/210.png
D:\cygwin64\home\yyyy_\digital_meter_reading/train/input/211.png,D:\cygwin64\home\yyyy_\digital_meter_reading/train/output/211.png
D:\cygwin64\home\yyyy_\digital_meter_reading/train/input/212.png,D:\cygwin64\home\yyyy_\digital_meter_reading/train/output/212.png
D:\cygwin64\home\yyyy_\digital_meter_reading/train/input/213.png,D:\cygwin64\home\yyyy_\digital_meter_reading/train/output/213.png
D:\cygwin64\home\yyyy_\digital_meter_reading/train/input/214.png,D:\cygwin64\home\yyyy_\digital_meter_reading/train/output/214.png
D:\cygwin64\home\yyyy_\digital_meter_reading/train/input/215.png,D:\cygwin64\home\yyyy_\digital_meter_reading/train/output/215.png
D:\cygwin64\home\yyyy_\digital_meter_reading/train/input/216.png,D:\cygwin64\home\yyyy_\digital_meter_reading/train/output/216.png
D:\cygwin64\home\yyyy_\digital_meter_reading/train/input/217.png,D:\cygwin64\home\yyyy_\digital_meter_reading/train/output/217.png
D:\cygwin64\home\yyyy_\digital_meter_reading/train/input/218.png,D:\cygwin64\home\yyyy_\digital_meter_reading/train/output/218.png
D:\cygwin64\home\yyyy_\digital_meter_reading/train/input/219.png,D:\cygwin64\home\yyyy_\digital_meter_reading/train/output/219.png
D:\cygwin64\home\yyyy_\digital_meter_reading/train/input/220.png,D:\cygwin64\home\yyyy_\digital_meter_reading/train/output/220.png
D:\cygwin64\home\yyyy_\digital_meter_reading/train/input/221.png,D:\cygwin64\home\yyyy_\digital_meter_reading/train/output/221.png
D:\cygwin64\home\yyyy_\digital_meter_reading/train/input/222.png,D:\cygwin64\home\yyyy_\digital_meter_reading/train/output/222.png
D:\cygwin64\home\yyyy_\digital_meter_reading/train/input/223.png,D:\cygwin64\home\yyyy_\digital_meter_reading/train/output/223.png
D:\cygwin64\home\yyyy_\digital_meter_reading/train/input/224.png,D:\cygwin64\home\yyyy_\digital_meter_reading/train/output/224.png
D:\cygwin64\home\yyyy_\digital_meter_reading/train/input/225.png,D:\cygwin64\home\yyyy_\digital_meter_reading/train/output/225.png
D:\cygwin64\home\yyyy_\digital_meter_reading/train/input/226.png,D:\cygwin64\home\yyyy_\digital_meter_reading/train/output/226.png
D:\cygwin64\home\yyyy_\digital_meter_reading/train/input/227.png,D:\cygwin64\home\yyyy_\digital_meter_reading/train/output/227.png
D:\cygwin64\home\yyyy_\digital_meter_reading/train/input/228.png,D:\cygwin64\home\yyyy_\digital_meter_reading/train/output/228.png
D:\cygwin64\home\yyyy_\digital_meter_reading/train/input/229.png,D:\cygwin64\home\yyyy_\digital_meter_reading/train/output/229.png
D:\cygwin64\home\yyyy_\digital_meter_reading/train/input/230.png,D:\cygwin64\home\yyyy_\digital_meter_reading/train/output/230.png
D:\cygwin64\home\yyyy_\digital_meter_reading/train/input/231.png,D:\cygwin64\home\yyyy_\digital_meter_reading/train/output/231.png
D:\cygwin64\home\yyyy_\digital_meter_reading/train/input/232.png,D:\cygwin64\home\yyyy_\digital_meter_reading/train/output/232.png
D:\cygwin64\home\yyyy_\digital_meter_reading/train/input/233.png,D:\cygwin64\home\yyyy_\digital_meter_reading/train/output/233.png
D:\cygwin64\home\yyyy_\digital_meter_reading/train/input/234.png,D:\cygwin64\home\yyyy_\digital_meter_reading/train/output/234.png
D:\cygwin64\home\yyyy_\digital_meter_reading/train/input/235.png,D:\cygwin64\home\yyyy_\digital_meter_reading/train/output/235.png
D:\cygwin64\home\yyyy_\digital_meter_reading/train/input/236.png,D:\cygwin64\home\yyyy_\digital_meter_reading/train/output/236.png
D:\cygwin64\home\yyyy_\digital_meter_reading/train/input/237.png,D:\cygwin64\home\yyyy_\digital_meter_reading/train/output/237.png
D:\cygwin64\home\yyyy_\digital_meter_reading/train/input/238.png,D:\cygwin64\home\yyyy_\digital_meter_reading/train/output/238.png
D:\cygwin64\home\yyyy_\digital_meter_reading/train/input/239.png,D:\cygwin64\home\yyyy_\digital_meter_reading/train/output/239.png
D:\cygwin64\home\yyyy_\digital_meter_reading/train/input/240.png,D:\cygwin64\home\yyyy_\digital_meter_reading/train/output/240.png
D:\cygwin64\home\yyyy_\digital_meter_reading/train/input/241.png,D:\cygwin64\home\yyyy_\digital_meter_reading/train/output/241.png
D:\cygwin64\home\yyyy_\digital_meter_reading/train/input/242.png,D:\cygwin64\home\yyyy_\digital_meter_reading/train/output/242.png
D:\cygwin64\home\yyyy_\digital_meter_reading/train/input/243.png,D:\cygwin64\home\yyyy_\digital_meter_reading/train/output/243.png
D:\cygwin64\home\yyyy_\digital_meter_reading/train/input/244.png,D:\cygwin64\home\yyyy_\digital_meter_reading/train/output/244.png
D:\cygwin64\home\yyyy_\digital_meter_reading/train/input/245.png,D:\cygwin64\home\yyyy_\digital_meter_reading/train/output/245.png
D:\cygwin64\home\yyyy_\digital_meter_reading/train/input/246.png,D:\cygwin64\home\yyyy_\digital_meter_reading/train/output/246.png
D:\cygwin64\home\yyyy_\digital_meter_reading/train/input/247.png,D:\cygwin64\home\yyyy_\digital_meter_reading/train/output/247.png
D:\cygwin64\home\yyyy_\digital_meter_reading/train/input/248.png,D:\cygwin64\home\yyyy_\digital_meter_reading/train/output/248.png
D:\cygwin64\home\yyyy_\digital_meter_reading/train/input/249.png,D:\cygwin64\home\yyyy_\digital_meter_reading/train/output/249.png
D:\cygwin64\home\yyyy_\digital_meter_reading/train/input/250.png,D:\cygwin64\home\yyyy_\digital_meter_reading/train/output/250.png
D:\cygwin64\home\yyyy_\digital_meter_reading/train/input/251.png,D:\cygwin64\home\yyyy_\digital_meter_reading/train/output/251.png
D:\cygwin64\home\yyyy_\digital_meter_reading/train/input/252.png,D:\cygwin64\home\yyyy_\digital_meter_reading/train/output/252.png
D:\cygwin64\home\yyyy_\digital_meter_reading/train/input/253.png,D:\cygwin64\home\yyyy_\digital_meter_reading/train/output/253.png
D:\cygwin64\home\yyyy_\digital_meter_reading/train/input/254.png,D:\cygwin64\home\yyyy_\digital_meter_reading/train/output/254.png
D:\cygwin64\home\yyyy_\digital_meter_reading/train/input/255.png,D:\cygwin64\home\yyyy_\digital_meter_reading/train/output/255.png
D:\cygwin64\home\yyyy_\digital_meter_reading/train/input/256.png,D:\cygwin64\home\yyyy_\digital_meter_reading/train/output/256.png
D:\cygwin64\home\yyyy_\digital_meter_reading/train/input/257.png,D:\cygwin64\home\yyyy_\digital_meter_reading/train/output/257.png
D:\cygwin64\home\yyyy_\digital_meter_reading/train/input/258.png,D:\cygwin64\home\yyyy_\digital_meter_reading/train/output/258.png
D:\cygwin64\home\yyyy_\digital_meter_reading/train/input/259.png,D:\cygwin64\home\yyyy_\digital_meter_reading/train/output/259.png
D:\cygwin64\home\yyyy_\digital_meter_reading/train/input/260.png,D:\cygwin64\home\yyyy_\digital_meter_reading/train/output/260.png
D:\cygwin64\home\yyyy_\digital_meter_reading/train/input/261.png,D:\cygwin64\home\yyyy_\digital_meter_reading/train/output/261.png
D:\cygwin64\home\yyyy_\digital_meter_reading/train/input/262.png,D:\cygwin64\home\yyyy_\digital_meter_reading/train/output/262.png
D:\cygwin64\home\yyyy_\digital_meter_reading/train/input/263.png,D:\cygwin64\home\yyyy_\digital_meter_reading/train/output/263.png
D:\cygwin64\home\yyyy_\digital_meter_reading/train/input/264.png,D:\cygwin64\home\yyyy_\digital_meter_reading/train/output/264.png
D:\cygwin64\home\yyyy_\digital_meter_reading/train/input/265.png,D:\cygwin64\home\yyyy_\digital_meter_reading/train/output/265.png
D:\cygwin64\home\yyyy_\digital_meter_reading/train/input/266.png,D:\cygwin64\home\yyyy_\digital_meter_reading/train/output/266.png
D:\cygwin64\home\yyyy_\digital_meter_reading/train/input/267.png,D:\cygwin64\home\yyyy_\digital_meter_reading/train/output/267.png
D:\cygwin64\home\yyyy_\digital_meter_reading/train/input/268.png,D:\cygwin64\home\yyyy_\digital_meter_reading/train/output/268.png
D:\cygwin64\home\yyyy_\digital_meter_reading/train/input/269.png,D:\cygwin64\home\yyyy_\digital_meter_reading/train/output/269.png
D:\cygwin64\home\yyyy_\digital_meter_reading/train/input/270.png,D:\cygwin64\home\yyyy_\digital_meter_reading/train/output/270.png
D:\cygwin64\home\yyyy_\digital_meter_reading/train/input/271.png,D:\cygwin64\home\yyyy_\digital_meter_reading/train/output/271.png
D:\cygwin64\home\yyyy_\digital_meter_reading/train/input/272.png,D:\cygwin64\home\yyyy_\digital_meter_reading/train/output/272.png
D:\cygwin64\home\yyyy_\digital_meter_reading/train/input/273.png,D:\cygwin64\home\yyyy_\digital_meter_reading/train/output/273.png
D:\cygwin64\home\yyyy_\digital_meter_reading/train/input/274.png,D:\cygwin64\home\yyyy_\digital_meter_reading/train/output/274.png
D:\cygwin64\home\yyyy_\digital_meter_reading/train/input/275.png,D:\cygwin64\home\yyyy_\digital_meter_reading/train/output/275.png
D:\cygwin64\home\yyyy_\digital_meter_reading/train/input/276.png,D:\cygwin64\home\yyyy_\digital_meter_reading/train/output/276.png
D:\cygwin64\home\yyyy_\digital_meter_reading/train/input/277.png,D:\cygwin64\home\yyyy_\digital_meter_reading/train/output/277.png
D:\cygwin64\home\yyyy_\digital_meter_reading/train/input/278.png,D:\cygwin64\home\yyyy_\digital_meter_reading/train/output/278.png
D:\cygwin64\home\yyyy_\digital_meter_reading/train/input/279.png,D:\cygwin64\home\yyyy_\digital_meter_reading/train/output/279.png
D:\cygwin64\home\yyyy_\digital_meter_reading/train/input/280.png,D:\cygwin64\home\yyyy_\digital_meter_reading/train/output/280.png
D:\cygwin64\home\yyyy_\digital_meter_reading/train/input/281.png,D:\cygwin64\home\yyyy_\digital_meter_reading/train/output/281.png
D:\cygwin64\home\yyyy_\digital_meter_reading/train/input/282.png,D:\cygwin64\home\yyyy_\digital_meter_reading/train/output/282.png
D:\cygwin64\home\yyyy_\digital_meter_reading/train/input/283.png,D:\cygwin64\home\yyyy_\digital_meter_reading/train/output/283.png
D:\cygwin64\home\yyyy_\digital_meter_reading/train/input/284.png,D:\cygwin64\home\yyyy_\digital_meter_reading/train/output/284.png
D:\cygwin64\home\yyyy_\digital_meter_reading/train/input/285.png,D:\cygwin64\home\yyyy_\digital_meter_reading/train/output/285.png
D:\cygwin64\home\yyyy_\digital_meter_reading/train/input/286.png,D:\cygwin64\home\yyyy_\digital_meter_reading/train/output/286.png
D:\cygwin64\home\yyyy_\digital_meter_reading/train/input/287.png,D:\cygwin64\home\yyyy_\digital_meter_reading/train/output/287.png
D:\cygwin64\home\yyyy_\digital_meter_reading/train/input/288.png,D:\cygwin64\home\yyyy_\digital_meter_reading/train/output/288.png
D:\cygwin64\home\yyyy_\digital_meter_reading/train/input/289.png,D:\cygwin64\home\yyyy_\digital_meter_reading/train/output/289.png
D:\cygwin64\home\yyyy_\digital_meter_reading/train/input/290.png,D:\cygwin64\home\yyyy_\digital_meter_reading/train/output/290.png
D:\cygwin64\home\yyyy_\digital_meter_reading/train/input/291.png,D:\cygwin64\home\yyyy_\digital_meter_reading/train/output/291.png
D:\cygwin64\home\yyyy_\digital_meter_reading/train/input/292.png,D:\cygwin64\home\yyyy_\digital_meter_reading/train/output/292.png
D:\cygwin64\home\yyyy_\digital_meter_reading/train/input/293.png,D:\cygwin64\home\yyyy_\digital_meter_reading/train/output/293.png
D:\cygwin64\home\yyyy_\digital_meter_reading/train/input/294.png,D:\cygwin64\home\yyyy_\digital_meter_reading/train/output/294.png
D:\cygwin64\home\yyyy_\digital_meter_reading/train/input/295.png,D:\cygwin64\home\yyyy_\digital_meter_reading/train/output/295.png
D:\cygwin64\home\yyyy_\digital_meter_reading/train/input/296.png,D:\cygwin64\home\yyyy_\digital_meter_reading/train/output/296.png
D:\cygwin64\home\yyyy_\digital_meter_reading/train/input/297.png,D:\cygwin64\home\yyyy_\digital_meter_reading/train/output/297.png
D:\cygwin64\home\yyyy_\digital_meter_reading/train/input/298.png,D:\cygwin64\home\yyyy_\digital_meter_reading/train/output/298.png
D:\cygwin64\home\yyyy_\digital_meter_reading/train/input/299.png,D:\cygwin64\home\yyyy_\digital_meter_reading/train/output/299.png
D:\cygwin64\home\yyyy_\digital_meter_reading/train/input/300.png,D:\cygwin64\home\yyyy_\digital_meter_reading/train/output/300.png
D:\cygwin64\home\yyyy_\digital_meter_reading/train/input/301.png,D:\cygwin64\home\yyyy_\digital_meter_reading/train/output/301.png
D:\cygwin64\home\yyyy_\digital_meter_reading/train/input/302.png,D:\cygwin64\home\yyyy_\digital_meter_reading/train/output/302.png
D:\cygwin64\home\yyyy_\digital_meter_reading/train/input/303.png,D:\cygwin64\home\yyyy_\digital_meter_reading/train/output/303.png
D:\cygwin64\home\yyyy_\digital_meter_reading/train/input/304.png,D:\cygwin64\home\yyyy_\digital_meter_reading/train/output/304.png
D:\cygwin64\home\yyyy_\digital_meter_reading/train/input/305.png,D:\cygwin64\home\yyyy_\digital_meter_reading/train/output/305.png
D:\cygwin64\home\yyyy_\digital_meter_reading/train/input/306.png,D:\cygwin64\home\yyyy_\digital_meter_reading/train/output/306.png
D:\cygwin64\home\yyyy_\digital_meter_reading/train/input/307.png,D:\cygwin64\home\yyyy_\digital_meter_reading/train/output/307.png
D:\cygwin64\home\yyyy_\digital_meter_reading/train/input/308.png,D:\cygwin64\home\yyyy_\digital_meter_reading/train/output/308.png
D:\cygwin64\home\yyyy_\digital_meter_reading/train/input/309.png,D:\cygwin64\home\yyyy_\digital_meter_reading/train/output/309.png
D:\cygwin64\home\yyyy_\digital_meter_reading/train/input/310.png,D:\cygwin64\home\yyyy_\digital_meter_reading/train/output/310.png
D:\cygwin64\home\yyyy_\digital_meter_reading/train/input/311.png,D:\cygwin64\home\yyyy_\digital_meter_reading/train/output/311.png
D:\cygwin64\home\yyyy_\digital_meter_reading/train/input/312.png,D:\cygwin64\home\yyyy_\digital_meter_reading/train/output/312.png
D:\cygwin64\home\yyyy_\digital_meter_reading/train/input/313.png,D:\cygwin64\home\yyyy_\digital_meter_reading/train/output/313.png
D:\cygwin64\home\yyyy_\digital_meter_reading/train/input/314.png,D:\cygwin64\home\yyyy_\digital_meter_reading/train/output/314.png
D:\cygwin64\home\yyyy_\digital_meter_reading/train/input/315.png,D:\cygwin64\home\yyyy_\digital_meter_reading/train/output/315.png
D:\cygwin64\home\yyyy_\digital_meter_reading/train/input/316.png,D:\cygwin64\home\yyyy_\digital_meter_reading/train/output/316.png
D:\cygwin64\home\yyyy_\digital_meter_reading/train/input/317.png,D:\cygwin64\home\yyyy_\digital_meter_reading/train/output/317.png
D:\cygwin64\home\yyyy_\digital_meter_reading/train/input/318.png,D:\cygwin64\home\yyyy_\digital_meter_reading/train/output/318.png
D:\cygwin64\home\yyyy_\digital_meter_reading/train/input/319.png,D:\cygwin64\home\yyyy_\digital_meter_reading/train/output/319.png
D:\cygwin64\home\yyyy_\digital_meter_reading/train/input/320.png,D:\cygwin64\home\yyyy_\digital_meter_reading/train/output/320.png
D:\cygwin64\home\yyyy_\digital_meter_reading/train/input/321.png,D:\cygwin64\home\yyyy_\digital_meter_reading/train/output/321.png
D:\cygwin64\home\yyyy_\digital_meter_reading/train/input/322.png,D:\cygwin64\home\yyyy_\digital_meter_reading/train/output/322.png
D:\cygwin64\home\yyyy_\digital_meter_reading/train/input/323.png,D:\cygwin64\home\yyyy_\digital_meter_reading/train/output/323.png
D:\cygwin64\home\yyyy_\digital_meter_reading/train/input/324.png,D:\cygwin64\home\yyyy_\digital_meter_reading/train/output/324.png
D:\cygwin64\home\yyyy_\digital_meter_reading/train/input/325.png,D:\cygwin64\home\yyyy_\digital_meter_reading/train/output/325.png
D:\cygwin64\home\yyyy_\digital_meter_reading/train/input/326.png,D:\cygwin64\home\yyyy_\digital_meter_reading/train/output/326.png
D:\cygwin64\home\yyyy_\digital_meter_reading/train/input/327.png,D:\cygwin64\home\yyyy_\digital_meter_reading/train/output/327.png
D:\cygwin64\home\yyyy_\digital_meter_reading/train/input/328.png,D:\cygwin64\home\yyyy_\digital_meter_reading/train/output/328.png
D:\cygwin64\home\yyyy_\digital_meter_reading/train/input/329.png,D:\cygwin64\home\yyyy_\digital_meter_reading/train/output/329.png
D:\cygwin64\home\yyyy_\digital_meter_reading/train/input/330.png,D:\cygwin64\home\yyyy_\digital_meter_reading/train/output/330.png
D:\cygwin64\home\yyyy_\digital_meter_reading/train/input/331.png,D:\cygwin64\home\yyyy_\digital_meter_reading/train/output/331.png
D:\cygwin64\home\yyyy_\digital_meter_reading/train/input/332.png,D:\cygwin64\home\yyyy_\digital_meter_reading/train/output/332.png
D:\cygwin64\home\yyyy_\digital_meter_reading/train/input/333.png,D:\cygwin64\home\yyyy_\digital_meter_reading/train/output/333.png
D:\cygwin64\home\yyyy_\digital_meter_reading/train/input/334.png,D:\cygwin64\home\yyyy_\digital_meter_reading/train/output/334.png
D:\cygwin64\home\yyyy_\digital_meter_reading/train/input/335.png,D:\cygwin64\home\yyyy_\digital_meter_reading/train/output/335.png
D:\cygwin64\home\yyyy_\digital_meter_reading/train/input/336.png,D:\cygwin64\home\yyyy_\digital_meter_reading/train/output/336.png
D:\cygwin64\home\yyyy_\digital_meter_reading/train/input/337.png,D:\cygwin64\home\yyyy_\digital_meter_reading/train/output/337.png
D:\cygwin64\home\yyyy_\digital_meter_reading/train/input/338.png,D:\cygwin64\home\yyyy_\digital_meter_reading/train/output/338.png
D:\cygwin64\home\yyyy_\digital_meter_reading/train/input/339.png,D:\cygwin64\home\yyyy_\digital_meter_reading/train/output/339.png
D:\cygwin64\home\yyyy_\digital_meter_reading/train/input/340.png,D:\cygwin64\home\yyyy_\digital_meter_reading/train/output/340.png
D:\cygwin64\home\yyyy_\digital_meter_reading/train/input/341.png,D:\cygwin64\home\yyyy_\digital_meter_reading/train/output/341.png
D:\cygwin64\home\yyyy_\digital_meter_reading/train/input/342.png,D:\cygwin64\home\yyyy_\digital_meter_reading/train/output/342.png
D:\cygwin64\home\yyyy_\digital_meter_reading/train/input/343.png,D:\cygwin64\home\yyyy_\digital_meter_reading/train/output/343.png
D:\cygwin64\home\yyyy_\digital_meter_reading/train/input/344.png,D:\cygwin64\home\yyyy_\digital_meter_reading/train/output/344.png
D:\cygwin64\home\yyyy_\digital_meter_reading/train/input/345.png,D:\cygwin64\home\yyyy_\digital_meter_reading/train/output/345.png
D:\cygwin64\home\yyyy_\digital_meter_reading/train/input/346.png,D:\cygwin64\home\yyyy_\digital_meter_reading/train/output/346.png
D:\cygwin64\home\yyyy_\digital_meter_reading/train/input/347.png,D:\cygwin64\home\yyyy_\digital_meter_reading/train/output/347.png
D:\cygwin64\home\yyyy_\digital_meter_reading/train/input/348.png,D:\cygwin64\home\yyyy_\digital_meter_reading/train/output/348.png
D:\cygwin64\home\yyyy_\digital_meter_reading/train/input/349.png,D:\cygwin64\home\yyyy_\digital_meter_reading/train/output/349.png
D:\cygwin64\home\yyyy_\digital_meter_reading/train/input/350.png,D:\cygwin64\home\yyyy_\digital_meter_reading/train/output/350.png
D:\cygwin64\home\yyyy_\digital_meter_reading/train/input/351.png,D:\cygwin64\home\yyyy_\digital_meter_reading/train/output/351.png
D:\cygwin64\home\yyyy_\digital_meter_reading/train/input/352.png,D:\cygwin64\home\yyyy_\digital_meter_reading/train/output/352.png
D:\cygwin64\home\yyyy_\digital_meter_reading/train/input/353.png,D:\cygwin64\home\yyyy_\digital_meter_reading/train/output/353.png
D:\cygwin64\home\yyyy_\digital_meter_reading/train/input/354.png,D:\cygwin64\home\yyyy_\digital_meter_reading/train/output/354.png
D:\cygwin64\home\yyyy_\digital_meter_reading/train/input/355.png,D:\cygwin64\home\yyyy_\digital_meter_reading/train/output/355.png
D:\cygwin64\home\yyyy_\digital_meter_reading/train/input/356.png,D:\cygwin64\home\yyyy_\digital_meter_reading/train/output/356.png
D:\cygwin64\home\yyyy_\digital_meter_reading/train/input/357.png,D:\cygwin64\home\yyyy_\digital_meter_reading/train/output/357.png
D:\cygwin64\home\yyyy_\digital_meter_reading/train/input/358.png,D:\cygwin64\home\yyyy_\digital_meter_reading/train/output/358.png
D:\cygwin64\home\yyyy_\digital_meter_reading/train/input/359.png,D:\cygwin64\home\yyyy_\digital_meter_reading/train/output/359.png
D:\cygwin64\home\yyyy_\digital_meter_reading/train/input/360.png,D:\cygwin64\home\yyyy_\digital_meter_reading/train/output/360.png
D:\cygwin64\home\yyyy_\digital_meter_reading/train/input/361.png,D:\cygwin64\home\yyyy_\digital_meter_reading/train/output/361.png
D:\cygwin64\home\yyyy_\digital_meter_reading/train/input/362.png,D:\cygwin64\home\yyyy_\digital_meter_reading/train/output/362.png
D:\cygwin64\home\yyyy_\digital_meter_reading/train/input/363.png,D:\cygwin64\home\yyyy_\digital_meter_reading/train/output/363.png
D:\cygwin64\home\yyyy_\digital_meter_reading/train/input/364.png,D:\cygwin64\home\yyyy_\digital_meter_reading/train/output/364.png
D:\cygwin64\home\yyyy_\digital_meter_reading/train/input/365.png,D:\cygwin64\home\yyyy_\digital_meter_reading/train/output/365.png
D:\cygwin64\home\yyyy_\digital_meter_reading/train/input/366.png,D:\cygwin64\home\yyyy_\digital_meter_reading/train/output/366.png
D:\cygwin64\home\yyyy_\digital_meter_reading/train/input/367.png,D:\cygwin64\home\yyyy_\digital_meter_reading/train/output/367.png
D:\cygwin64\home\yyyy_\digital_meter_reading/train/input/368.png,D:\cygwin64\home\yyyy_\digital_meter_reading/train/output/368.png
D:\cygwin64\home\yyyy_\digital_meter_reading/train/input/369.png,D:\cygwin64\home\yyyy_\digital_meter_reading/train/output/369.png
D:\cygwin64\home\yyyy_\digital_meter_reading/train/input/370.png,D:\cygwin64\home\yyyy_\digital_meter_reading/train/output/370.png
D:\cygwin64\home\yyyy_\digital_meter_reading/train/input/371.png,D:\cygwin64\home\yyyy_\digital_meter_reading/train/output/371.png
D:\cygwin64\home\yyyy_\digital_meter_reading/train/input/372.png,D:\cygwin64\home\yyyy_\digital_meter_reading/train/output/372.png
D:\cygwin64\home\yyyy_\digital_meter_reading/train/input/373.png,D:\cygwin64\home\yyyy_\digital_meter_reading/train/output/373.png
D:\cygwin64\home\yyyy_\digital_meter_reading/train/input/374.png,D:\cygwin64\home\yyyy_\digital_meter_reading/train/output/374.png
D:\cygwin64\home\yyyy_\digital_meter_reading/train/input/375.png,D:\cygwin64\home\yyyy_\digital_meter_reading/train/output/375.png
D:\cygwin64\home\yyyy_\digital_meter_reading/train/input/376.png,D:\cygwin64\home\yyyy_\digital_meter_reading/train/output/376.png
D:\cygwin64\home\yyyy_\digital_meter_reading/train/input/377.png,D:\cygwin64\home\yyyy_\digital_meter_reading/train/output/377.png
D:\cygwin64\home\yyyy_\digital_meter_reading/train/input/378.png,D:\cygwin64\home\yyyy_\digital_meter_reading/train/output/378.png
D:\cygwin64\home\yyyy_\digital_meter_reading/train/input/379.png,D:\cygwin64\home\yyyy_\digital_meter_reading/train/output/379.png
D:\cygwin64\home\yyyy_\digital_meter_reading/train/input/380.png,D:\cygwin64\home\yyyy_\digital_meter_reading/train/output/380.png
D:\cygwin64\home\yyyy_\digital_meter_reading/train/input/381.png,D:\cygwin64\home\yyyy_\digital_meter_reading/train/output/381.png
D:\cygwin64\home\yyyy_\digital_meter_reading/train/input/382.png,D:\cygwin64\home\yyyy_\digital_meter_reading/train/output/382.png
D:\cygwin64\home\yyyy_\digital_meter_reading/train/input/383.png,D:\cygwin64\home\yyyy_\digital_meter_reading/train/output/383.png
D:\cygwin64\home\yyyy_\digital_meter_reading/train/input/384.png,D:\cygwin64\home\yyyy_\digital_meter_reading/train/output/384.png
D:\cygwin64\home\yyyy_\digital_meter_reading/train/input/385.png,D:\cygwin64\home\yyyy_\digital_meter_reading/train/output/385.png
D:\cygwin64\home\yyyy_\digital_meter_reading/train/input/386.png,D:\cygwin64\home\yyyy_\digital_meter_reading/train/output/386.png
D:\cygwin64\home\yyyy_\digital_meter_reading/train/input/387.png,D:\cygwin64\home\yyyy_\digital_meter_reading/train/output/387.png
D:\cygwin64\home\yyyy_\digital_meter_reading/train/input/388.png,D:\cygwin64\home\yyyy_\digital_meter_reading/train/output/388.png
D:\cygwin64\home\yyyy_\digital_meter_reading/train/input/389.png,D:\cygwin64\home\yyyy_\digital_meter_reading/train/output/389.png
D:\cygwin64\home\yyyy_\digital_meter_reading/train/input/390.png,D:\cygwin64\home\yyyy_\digital_meter_reading/train/output/390.png
D:\cygwin64\home\yyyy_\digital_meter_reading/train/input/391.png,D:\cygwin64\home\yyyy_\digital_meter_reading/train/output/391.png
D:\cygwin64\home\yyyy_\digital_meter_reading/train/input/392.png,D:\cygwin64\home\yyyy_\digital_meter_reading/train/output/392.png
D:\cygwin64\home\yyyy_\digital_meter_reading/train/input/393.png,D:\cygwin64\home\yyyy_\digital_meter_reading/train/output/393.png
D:\cygwin64\home\yyyy_\digital_meter_reading/train/input/394.png,D:\cygwin64\home\yyyy_\digital_meter_reading/train/output/394.png
D:\cygwin64\home\yyyy_\digital_meter_reading/train/input/395.png,D:\cygwin64\home\yyyy_\digital_meter_reading/train/output/395.png
D:\cygwin64\home\yyyy_\digital_meter_reading/train/input/396.png,D:\cygwin64\home\yyyy_\digital_meter_reading/train/output/396.png
D:\cygwin64\home\yyyy_\digital_meter_reading/train/input/397.png,D:\cygwin64\home\yyyy_\digital_meter_reading/train/output/397.png
D:\cygwin64\home\yyyy_\digital_meter_reading/train/input/398.png,D:\cygwin64\home\yyyy_\digital_meter_reading/train/output/398.png
D:\cygwin64\home\yyyy_\digital_meter_reading/train/input/399.png,D:\cygwin64\home\yyyy_\digital_meter_reading/train/output/399.png
D:\cygwin64\home\yyyy_\digital_meter_reading/train/input/400.png,D:\cygwin64\home\yyyy_\digital_meter_reading/train/output/400.png
D:\cygwin64\home\yyyy_\digital_meter_reading/train/input/401.png,D:\cygwin64\home\yyyy_\digital_meter_reading/train/output/401.png
D:\cygwin64\home\yyyy_\digital_meter_reading/train/input/402.png,D:\cygwin64\home\yyyy_\digital_meter_reading/train/output/402.png
D:\cygwin64\home\yyyy_\digital_meter_reading/train/input/403.png,D:\cygwin64\home\yyyy_\digital_meter_reading/train/output/403.png
D:\cygwin64\home\yyyy_\digital_meter_reading/train/input/404.png,D:\cygwin64\home\yyyy_\digital_meter_reading/train/output/404.png
D:\cygwin64\home\yyyy_\digital_meter_reading/train/input/405.png,D:\cygwin64\home\yyyy_\digital_meter_reading/train/output/405.png
D:\cygwin64\home\yyyy_\digital_meter_reading/train/input/406.png,D:\cygwin64\home\yyyy_\digital_meter_reading/train/output/406.png
D:\cygwin64\home\yyyy_\digital_meter_reading/train/input/407.png,D:\cygwin64\home\yyyy_\digital_meter_reading/train/output/407.png
D:\cygwin64\home\yyyy_\digital_meter_reading/train/input/408.png,D:\cygwin64\home\yyyy_\digital_meter_reading/train/output/408.png
D:\cygwin64\home\yyyy_\digital_meter_reading/train/input/409.png,D:\cygwin64\home\yyyy_\digital_meter_reading/train/output/409.png
D:\cygwin64\home\yyyy_\digital_meter_reading/train/input/410.png,D:\cygwin64\home\yyyy_\digital_meter_reading/train/output/410.png
D:\cygwin64\home\yyyy_\digital_meter_reading/train/input/411.png,D:\cygwin64\home\yyyy_\digital_meter_reading/train/output/411.png
D:\cygwin64\home\yyyy_\digital_meter_reading/train/input/412.png,D:\cygwin64\home\yyyy_\digital_meter_reading/train/output/412.png
D:\cygwin64\home\yyyy_\digital_meter_reading/train/input/413.png,D:\cygwin64\home\yyyy_\digital_meter_reading/train/output/413.png
D:\cygwin64\home\yyyy_\digital_meter_reading/train/input/414.png,D:\cygwin64\home\yyyy_\digital_meter_reading/train/output/414.png
D:\cygwin64\home\yyyy_\digital_meter_reading/train/input/415.png,D:\cygwin64\home\yyyy_\digital_meter_reading/train/output/415.png
D:\cygwin64\home\yyyy_\digital_meter_reading/train/input/416.png,D:\cygwin64\home\yyyy_\digital_meter_reading/train/output/416.png
D:\cygwin64\home\yyyy_\digital_meter_reading/train/input/417.png,D:\cygwin64\home\yyyy_\digital_meter_reading/train/output/417.png
D:\cygwin64\home\yyyy_\digital_meter_reading/train/input/418.png,D:\cygwin64\home\yyyy_\digital_meter_reading/train/output/418.png
D:\cygwin64\home\yyyy_\digital_meter_reading/train/input/419.png,D:\cygwin64\home\yyyy_\digital_meter_reading/train/output/419.png
D:\cygwin64\home\yyyy_\digital_meter_reading/train/input/420.png,D:\cygwin64\home\yyyy_\digital_meter_reading/train/output/420.png
D:\cygwin64\home\yyyy_\digital_meter_reading/train/input/421.png,D:\cygwin64\home\yyyy_\digital_meter_reading/train/output/421.png
D:\cygwin64\home\yyyy_\digital_meter_reading/train/input/422.png,D:\cygwin64\home\yyyy_\digital_meter_reading/train/output/422.png
D:\cygwin64\home\yyyy_\digital_meter_reading/train/input/423.png,D:\cygwin64\home\yyyy_\digital_meter_reading/train/output/423.png
D:\cygwin64\home\yyyy_\digital_meter_reading/train/input/424.png,D:\cygwin64\home\yyyy_\digital_meter_reading/train/output/424.png
D:\cygwin64\home\yyyy_\digital_meter_reading/train/input/425.png,D:\cygwin64\home\yyyy_\digital_meter_reading/train/output/425.png
D:\cygwin64\home\yyyy_\digital_meter_reading/train/input/426.png,D:\cygwin64\home\yyyy_\digital_meter_reading/train/output/426.png
D:\cygwin64\home\yyyy_\digital_meter_reading/train/input/427.png,D:\cygwin64\home\yyyy_\digital_meter_reading/train/output/427.png
D:\cygwin64\home\yyyy_\digital_meter_reading/train/input/428.png,D:\cygwin64\home\yyyy_\digital_meter_reading/train/output/428.png
D:\cygwin64\home\yyyy_\digital_meter_reading/train/input/429.png,D:\cygwin64\home\yyyy_\digital_meter_reading/train/output/429.png
D:\cygwin64\home\yyyy_\digital_meter_reading/train/input/430.png,D:\cygwin64\home\yyyy_\digital_meter_reading/train/output/430.png
D:\cygwin64\home\yyyy_\digital_meter_reading/train/input/431.png,D:\cygwin64\home\yyyy_\digital_meter_reading/train/output/431.png
D:\cygwin64\home\yyyy_\digital_meter_reading/train/input/432.png,D:\cygwin64\home\yyyy_\digital_meter_reading/train/output/432.png
D:\cygwin64\home\yyyy_\digital_meter_reading/train/input/433.png,D:\cygwin64\home\yyyy_\digital_meter_reading/train/output/433.png
D:\cygwin64\home\yyyy_\digital_meter_reading/train/input/434.png,D:\cygwin64\home\yyyy_\digital_meter_reading/train/output/434.png
D:\cygwin64\home\yyyy_\digital_meter_reading/train/input/435.png,D:\cygwin64\home\yyyy_\digital_meter_reading/train/output/435.png
D:\cygwin64\home\yyyy_\digital_meter_reading/train/input/436.png,D:\cygwin64\home\yyyy_\digital_meter_reading/train/output/436.png
D:\cygwin64\home\yyyy_\digital_meter_reading/train/input/437.png,D:\cygwin64\home\yyyy_\digital_meter_reading/train/output/437.png
D:\cygwin64\home\yyyy_\digital_meter_reading/train/input/438.png,D:\cygwin64\home\yyyy_\digital_meter_reading/train/output/438.png
D:\cygwin64\home\yyyy_\digital_meter_reading/train/input/439.png,D:\cygwin64\home\yyyy_\digital_meter_reading/train/output/439.png
D:\cygwin64\home\yyyy_\digital_meter_reading/train/input/440.png,D:\cygwin64\home\yyyy_\digital_meter_reading/train/output/440.png
D:\cygwin64\home\yyyy_\digital_meter_reading/train/input/441.png,D:\cygwin64\home\yyyy_\digital_meter_reading/train/output/441.png
D:\cygwin64\home\yyyy_\digital_meter_reading/train/input/442.png,D:\cygwin64\home\yyyy_\digital_meter_reading/train/output/442.png
D:\cygwin64\home\yyyy_\digital_meter_reading/train/input/443.png,D:\cygwin64\home\yyyy_\digital_meter_reading/train/output/443.png
D:\cygwin64\home\yyyy_\digital_meter_reading/train/input/444.png,D:\cygwin64\home\yyyy_\digital_meter_reading/train/output/444.png
D:\cygwin64\home\yyyy_\digital_meter_reading/train/input/445.png,D:\cygwin64\home\yyyy_\digital_meter_reading/train/output/445.png
D:\cygwin64\home\yyyy_\digital_meter_reading/train/input/446.png,D:\cygwin64\home\yyyy_\digital_meter_reading/train/output/446.png
D:\cygwin64\home\yyyy_\digital_meter_reading/train/input/447.png,D:\cygwin64\home\yyyy_\digital_meter_reading/train/output/447.png
D:\cygwin64\home\yyyy_\digital_meter_reading/train/input/448.png,D:\cygwin64\home\yyyy_\digital_meter_reading/train/output/448.png
D:\cygwin64\home\yyyy_\digital_meter_reading/train/input/449.png,D:\cygwin64\home\yyyy_\digital_meter_reading/train/output/449.png
D:\cygwin64\home\yyyy_\digital_meter_reading/train/input/450.png,D:\cygwin64\home\yyyy_\digital_meter_reading/train/output/450.png
D:\cygwin64\home\yyyy_\digital_meter_reading/train/input/451.png,D:\cygwin64\home\yyyy_\digital_meter_reading/train/output/451.png
D:\cygwin64\home\yyyy_\digital_meter_reading/train/input/452.png,D:\cygwin64\home\yyyy_\digital_meter_reading/train/output/452.png
D:\cygwin64\home\yyyy_\digital_meter_reading/train/input/453.png,D:\cygwin64\home\yyyy_\digital_meter_reading/train/output/453.png
D:\cygwin64\home\yyyy_\digital_meter_reading/train/input/454.png,D:\cygwin64\home\yyyy_\digital_meter_reading/train/output/454.png
D:\cygwin64\home\yyyy_\digital_meter_reading/train/input/455.png,D:\cygwin64\home\yyyy_\digital_meter_reading/train/output/455.png
D:\cygwin64\home\yyyy_\digital_meter_reading/train/input/456.png,D:\cygwin64\home\yyyy_\digital_meter_reading/train/output/456.png
D:\cygwin64\home\yyyy_\digital_meter_reading/train/input/457.png,D:\cygwin64\home\yyyy_\digital_meter_reading/train/output/457.png
D:\cygwin64\home\yyyy_\digital_meter_reading/train/input/458.png,D:\cygwin64\home\yyyy_\digital_meter_reading/train/output/458.png
D:\cygwin64\home\yyyy_\digital_meter_reading/train/input/459.png,D:\cygwin64\home\yyyy_\digital_meter_reading/train/output/459.png
D:\cygwin64\home\yyyy_\digital_meter_reading/train/input/460.png,D:\cygwin64\home\yyyy_\digital_meter_reading/train/output/460.png
D:\cygwin64\home\yyyy_\digital_meter_reading/train/input/461.png,D:\cygwin64\home\yyyy_\digital_meter_reading/train/output/461.png
D:\cygwin64\home\yyyy_\digital_meter_reading/train/input/462.png,D:\cygwin64\home\yyyy_\digital_meter_reading/train/output/462.png
D:\cygwin64\home\yyyy_\digital_meter_reading/train/input/463.png,D:\cygwin64\home\yyyy_\digital_meter_reading/train/output/463.png
D:\cygwin64\home\yyyy_\digital_meter_reading/train/input/464.png,D:\cygwin64\home\yyyy_\digital_meter_reading/train/output/464.png
D:\cygwin64\home\yyyy_\digital_meter_reading/train/input/465.png,D:\cygwin64\home\yyyy_\digital_meter_reading/train/output/465.png
D:\cygwin64\home\yyyy_\digital_meter_reading/train/input/466.png,D:\cygwin64\home\yyyy_\digital_meter_reading/train/output/466.png
D:\cygwin64\home\yyyy_\digital_meter_reading/train/input/467.png,D:\cygwin64\home\yyyy_\digital_meter_reading/train/output/467.png
D:\cygwin64\home\yyyy_\digital_meter_reading/train/input/468.png,D:\cygwin64\home\yyyy_\digital_meter_reading/train/output/468.png
D:\cygwin64\home\yyyy_\digital_meter_reading/train/input/469.png,D:\cygwin64\home\yyyy_\digital_meter_reading/train/output/469.png
D:\cygwin64\home\yyyy_\digital_meter_reading/train/input/470.png,D:\cygwin64\home\yyyy_\digital_meter_reading/train/output/470.png
D:\cygwin64\home\yyyy_\digital_meter_reading/train/input/471.png,D:\cygwin64\home\yyyy_\digital_meter_reading/train/output/471.png
D:\cygwin64\home\yyyy_\digital_meter_reading/train/input/472.png,D:\cygwin64\home\yyyy_\digital_meter_reading/train/output/472.png
D:\cygwin64\home\yyyy_\digital_meter_reading/train/input/473.png,D:\cygwin64\home\yyyy_\digital_meter_reading/train/output/473.png
D:\cygwin64\home\yyyy_\digital_meter_reading/train/input/474.png,D:\cygwin64\home\yyyy_\digital_meter_reading/train/output/474.png
D:\cygwin64\home\yyyy_\digital_meter_reading/train/input/475.png,D:\cygwin64\home\yyyy_\digital_meter_reading/train/output/475.png
D:\cygwin64\home\yyyy_\digital_meter_reading/train/input/476.png,D:\cygwin64\home\yyyy_\digital_meter_reading/train/output/476.png
D:\cygwin64\home\yyyy_\digital_meter_reading/train/input/477.png,D:\cygwin64\home\yyyy_\digital_meter_reading/train/output/477.png
D:\cygwin64\home\yyyy_\digital_meter_reading/train/input/478.png,D:\cygwin64\home\yyyy_\digital_meter_reading/train/output/478.png
D:\cygwin64\home\yyyy_\digital_meter_reading/train/input/479.png,D:\cygwin64\home\yyyy_\digital_meter_reading/train/output/479.png
D:\cygwin64\home\yyyy_\digital_meter_reading/train/input/480.png,D:\cygwin64\home\yyyy_\digital_meter_reading/train/output/480.png
D:\cygwin64\home\yyyy_\digital_meter_reading/train/input/481.png,D:\cygwin64\home\yyyy_\digital_meter_reading/train/output/481.png
D:\cygwin64\home\yyyy_\digital_meter_reading/train/input/482.png,D:\cygwin64\home\yyyy_\digital_meter_reading/train/output/482.png
D:\cygwin64\home\yyyy_\digital_meter_reading/train/input/483.png,D:\cygwin64\home\yyyy_\digital_meter_reading/train/output/483.png
D:\cygwin64\home\yyyy_\digital_meter_reading/train/input/484.png,D:\cygwin64\home\yyyy_\digital_meter_reading/train/output/484.png
D:\cygwin64\home\yyyy_\digital_meter_reading/train/input/485.png,D:\cygwin64\home\yyyy_\digital_meter_reading/train/output/485.png
D:\cygwin64\home\yyyy_\digital_meter_reading/train/input/486.png,D:\cygwin64\home\yyyy_\digital_meter_reading/train/output/486.png
D:\cygwin64\home\yyyy_\digital_meter_reading/train/input/487.png,D:\cygwin64\home\yyyy_\digital_meter_reading/train/output/487.png
D:\cygwin64\home\yyyy_\digital_meter_reading/train/input/488.png,D:\cygwin64\home\yyyy_\digital_meter_reading/train/output/488.png
D:\cygwin64\home\yyyy_\digital_meter_reading/train/input/489.png,D:\cygwin64\home\yyyy_\digital_meter_reading/train/output/489.png
D:\cygwin64\home\yyyy_\digital_meter_reading/train/input/490.png,D:\cygwin64\home\yyyy_\digital_meter_reading/train/output/490.png
D:\cygwin64\home\yyyy_\digital_meter_reading/train/input/491.png,D:\cygwin64\home\yyyy_\digital_meter_reading/train/output/491.png
D:\cygwin64\home\yyyy_\digital_meter_reading/train/input/492.png,D:\cygwin64\home\yyyy_\digital_meter_reading/train/output/492.png
D:\cygwin64\home\yyyy_\digital_meter_reading/train/input/493.png,D:\cygwin64\home\yyyy_\digital_meter_reading/train/output/493.png
D:\cygwin64\home\yyyy_\digital_meter_reading/train/input/494.png,D:\cygwin64\home\yyyy_\digital_meter_reading/train/output/494.png
D:\cygwin64\home\yyyy_\digital_meter_reading/train/input/495.png,D:\cygwin64\home\yyyy_\digital_meter_reading/train/output/495.png
D:\cygwin64\home\yyyy_\digital_meter_reading/train/input/496.png,D:\cygwin64\home\yyyy_\digital_meter_reading/train/output/496.png
D:\cygwin64\home\yyyy_\digital_meter_reading/train/input/497.png,D:\cygwin64\home\yyyy_\digital_meter_reading/train/output/497.png
D:\cygwin64\home\yyyy_\digital_meter_reading/train/input/498.png,D:\cygwin64\home\yyyy_\digital_meter_reading/train/output/498.png
D:\cygwin64\home\yyyy_\digital_meter_reading/train/input/499.png,D:\cygwin64\home\yyyy_\digital_meter_reading/train/output/499.png
D:\cygwin64\home\yyyy_\digital_meter_reading/train/input/500.png,D:\cygwin64\home\yyyy_\digital_meter_reading/train/output/500.png
D:\cygwin64\home\yyyy_\digital_meter_reading/train/input/501.png,D:\cygwin64\home\yyyy_\digital_meter_reading/train/output/501.png
D:\cygwin64\home\yyyy_\digital_meter_reading/train/input/502.png,D:\cygwin64\home\yyyy_\digital_meter_reading/train/output/502.png
D:\cygwin64\home\yyyy_\digital_meter_reading/train/input/503.png,D:\cygwin64\home\yyyy_\digital_meter_reading/train/output/503.png
D:\cygwin64\home\yyyy_\digital_meter_reading/train/input/504.png,D:\cygwin64\home\yyyy_\digital_meter_reading/train/output/504.png
D:\cygwin64\home\yyyy_\digital_meter_reading/train/input/505.png,D:\cygwin64\home\yyyy_\digital_meter_reading/train/output/505.png
D:\cygwin64\home\yyyy_\digital_meter_reading/train/input/506.png,D:\cygwin64\home\yyyy_\digital_meter_reading/train/output/506.png
D:\cygwin64\home\yyyy_\digital_meter_reading/train/input/507.png,D:\cygwin64\home\yyyy_\digital_meter_reading/train/output/507.png
D:\cygwin64\home\yyyy_\digital_meter_reading/train/input/508.png,D:\cygwin64\home\yyyy_\digital_meter_reading/train/output/508.png
D:\cygwin64\home\yyyy_\digital_meter_reading/train/input/509.png,D:\cygwin64\home\yyyy_\digital_meter_reading/train/output/509.png
D:\cygwin64\home\yyyy_\digital_meter_reading/train/input/510.png,D:\cygwin64\home\yyyy_\digital_meter_reading/train/output/510.png
D:\cygwin64\home\yyyy_\digital_meter_reading/train/input/511.png,D:\cygwin64\home\yyyy_\digital_meter_reading/train/output/511.png
D:\cygwin64\home\yyyy_\digital_meter_reading/train/input/512.png,D:\cygwin64\home\yyyy_\digital_meter_reading/train/output/512.png
D:\cygwin64\home\yyyy_\digital_meter_reading/train/input/513.png,D:\cygwin64\home\yyyy_\digital_meter_reading/train/output/513.png
D:\cygwin64\home\yyyy_\digital_meter_reading/train/input/514.png,D:\cygwin64\home\yyyy_\digital_meter_reading/train/output/514.png
D:\cygwin64\home\yyyy_\digital_meter_reading/train/input/515.png,D:\cygwin64\home\yyyy_\digital_meter_reading/train/output/515.png
D:\cygwin64\home\yyyy_\digital_meter_reading/train/input/516.png,D:\cygwin64\home\yyyy_\digital_meter_reading/train/output/516.png
D:\cygwin64\home\yyyy_\digital_meter_reading/train/input/517.png,D:\cygwin64\home\yyyy_\digital_meter_reading/train/output/517.png
D:\cygwin64\home\yyyy_\digital_meter_reading/train/input/518.png,D:\cygwin64\home\yyyy_\digital_meter_reading/train/output/518.png
D:\cygwin64\home\yyyy_\digital_meter_reading/train/input/519.png,D:\cygwin64\home\yyyy_\digital_meter_reading/train/output/519.png
D:\cygwin64\home\yyyy_\digital_meter_reading/train/input/520.png,D:\cygwin64\home\yyyy_\digital_meter_reading/train/output/520.png
D:\cygwin64\home\yyyy_\digital_meter_reading/train/input/521.png,D:\cygwin64\home\yyyy_\digital_meter_reading/train/output/521.png
D:\cygwin64\home\yyyy_\digital_meter_reading/train/input/522.png,D:\cygwin64\home\yyyy_\digital_meter_reading/train/output/522.png
D:\cygwin64\home\yyyy_\digital_meter_reading/train/input/523.png,D:\cygwin64\home\yyyy_\digital_meter_reading/train/output/523.png
D:\cygwin64\home\yyyy_\digital_meter_reading/train/input/524.png,D:\cygwin64\home\yyyy_\digital_meter_reading/train/output/524.png
D:\cygwin64\home\yyyy_\digital_meter_reading/train/input/525.png,D:\cygwin64\home\yyyy_\digital_meter_reading/train/output/525.png
D:\cygwin64\home\yyyy_\digital_meter_reading/train/input/526.png,D:\cygwin64\home\yyyy_\digital_meter_reading/train/output/526.png
D:\cygwin64\home\yyyy_\digital_meter_reading/train/input/527.png,D:\cygwin64\home\yyyy_\digital_meter_reading/train/output/527.png
D:\cygwin64\home\yyyy_\digital_meter_reading/train/input/528.png,D:\cygwin64\home\yyyy_\digital_meter_reading/train/output/528.png
D:\cygwin64\home\yyyy_\digital_meter_reading/train/input/529.png,D:\cygwin64\home\yyyy_\digital_meter_reading/train/output/529.png
D:\cygwin64\home\yyyy_\digital_meter_reading/train/input/530.png,D:\cygwin64\home\yyyy_\digital_meter_reading/train/output/530.png
D:\cygwin64\home\yyyy_\digital_meter_reading/train/input/531.png,D:\cygwin64\home\yyyy_\digital_meter_reading/train/output/531.png
D:\cygwin64\home\yyyy_\digital_meter_reading/train/input/532.png,D:\cygwin64\home\yyyy_\digital_meter_reading/train/output/532.png
D:\cygwin64\home\yyyy_\digital_meter_reading/train/input/533.png,D:\cygwin64\home\yyyy_\digital_meter_reading/train/output/533.png
D:\cygwin64\home\yyyy_\digital_meter_reading/train/input/534.png,D:\cygwin64\home\yyyy_\digital_meter_reading/train/output/534.png
D:\cygwin64\home\yyyy_\digital_meter_reading/train/input/535.png,D:\cygwin64\home\yyyy_\digital_meter_reading/train/output/535.png
D:\cygwin64\home\yyyy_\digital_meter_reading/train/input/536.png,D:\cygwin64\home\yyyy_\digital_meter_reading/train/output/536.png
D:\cygwin64\home\yyyy_\digital_meter_reading/train/input/537.png,D:\cygwin64\home\yyyy_\digital_meter_reading/train/output/537.png
D:\cygwin64\home\yyyy_\digital_meter_reading/train/input/538.png,D:\cygwin64\home\yyyy_\digital_meter_reading/train/output/538.png
D:\cygwin64\home\yyyy_\digital_meter_reading/train/input/539.png,D:\cygwin64\home\yyyy_\digital_meter_reading/train/output/539.png
D:\cygwin64\home\yyyy_\digital_meter_reading/train/input/540.png,D:\cygwin64\home\yyyy_\digital_meter_reading/train/output/540.png
D:\cygwin64\home\yyyy_\digital_meter_reading/train/input/541.png,D:\cygwin64\home\yyyy_\digital_meter_reading/train/output/541.png
D:\cygwin64\home\yyyy_\digital_meter_reading/train/input/542.png,D:\cygwin64\home\yyyy_\digital_meter_reading/train/output/542.png
D:\cygwin64\home\yyyy_\digital_meter_reading/train/input/543.png,D:\cygwin64\home\yyyy_\digital_meter_reading/train/output/543.png
D:\cygwin64\home\yyyy_\digital_meter_reading/train/input/544.png,D:\cygwin64\home\yyyy_\digital_meter_reading/train/output/544.png
D:\cygwin64\home\yyyy_\digital_meter_reading/train/input/545.png,D:\cygwin64\home\yyyy_\digital_meter_reading/train/output/545.png
D:\cygwin64\home\yyyy_\digital_meter_reading/train/input/546.png,D:\cygwin64\home\yyyy_\digital_meter_reading/train/output/546.png
D:\cygwin64\home\yyyy_\digital_meter_reading/train/input/547.png,D:\cygwin64\home\yyyy_\digital_meter_reading/train/output/547.png
D:\cygwin64\home\yyyy_\digital_meter_reading/train/input/548.png,D:\cygwin64\home\yyyy_\digital_meter_reading/train/output/548.png
D:\cygwin64\home\yyyy_\digital_meter_reading/train/input/549.png,D:\cygwin64\home\yyyy_\digital_meter_reading/train/output/549.png
D:\cygwin64\home\yyyy_\digital_meter_reading/train/input/550.png,D:\cygwin64\home\yyyy_\digital_meter_reading/train/output/550.png
D:\cygwin64\home\yyyy_\digital_meter_reading/train/input/551.png,D:\cygwin64\home\yyyy_\digital_meter_reading/train/output/551.png
D:\cygwin64\home\yyyy_\digital_meter_reading/train/input/552.png,D:\cygwin64\home\yyyy_\digital_meter_reading/train/output/552.png
D:\cygwin64\home\yyyy_\digital_meter_reading/train/input/553.png,D:\cygwin64\home\yyyy_\digital_meter_reading/train/output/553.png
D:\cygwin64\home\yyyy_\digital_meter_reading/train/input/554.png,D:\cygwin64\home\yyyy_\digital_meter_reading/train/output/554.png
D:\cygwin64\home\yyyy_\digital_meter_reading/train/input/555.png,D:\cygwin64\home\yyyy_\digital_meter_reading/train/output/555.png
D:\cygwin64\home\yyyy_\digital_meter_reading/train/input/556.png,D:\cygwin64\home\yyyy_\digital_meter_reading/train/output/556.png
D:\cygwin64\home\yyyy_\digital_meter_reading/train/input/557.png,D:\cygwin64\home\yyyy_\digital_meter_reading/train/output/557.png
D:\cygwin64\home\yyyy_\digital_meter_reading/train/input/558.png,D:\cygwin64\home\yyyy_\digital_meter_reading/train/output/558.png
D:\cygwin64\home\yyyy_\digital_meter_reading/train/input/559.png,D:\cygwin64\home\yyyy_\digital_meter_reading/train/output/559.png
D:\cygwin64\home\yyyy_\digital_meter_reading/train/input/560.png,D:\cygwin64\home\yyyy_\digital_meter_reading/train/output/560.png
D:\cygwin64\home\yyyy_\digital_meter_reading/train/input/561.png,D:\cygwin64\home\yyyy_\digital_meter_reading/train/output/561.png
D:\cygwin64\home\yyyy_\digital_meter_reading/train/input/562.png,D:\cygwin64\home\yyyy_\digital_meter_reading/train/output/562.png
D:\cygwin64\home\yyyy_\digital_meter_reading/train/input/563.png,D:\cygwin64\home\yyyy_\digital_meter_reading/train/output/563.png
D:\cygwin64\home\yyyy_\digital_meter_reading/train/input/564.png,D:\cygwin64\home\yyyy_\digital_meter_reading/train/output/564.png
D:\cygwin64\home\yyyy_\digital_meter_reading/train/input/565.png,D:\cygwin64\home\yyyy_\digital_meter_reading/train/output/565.png
D:\cygwin64\home\yyyy_\digital_meter_reading/train/input/566.png,D:\cygwin64\home\yyyy_\digital_meter_reading/train/output/566.png
D:\cygwin64\home\yyyy_\digital_meter_reading/train/input/567.png,D:\cygwin64\home\yyyy_\digital_meter_reading/train/output/567.png
D:\cygwin64\home\yyyy_\digital_meter_reading/train/input/568.png,D:\cygwin64\home\yyyy_\digital_meter_reading/train/output/568.png
D:\cygwin64\home\yyyy_\digital_meter_reading/train/input/569.png,D:\cygwin64\home\yyyy_\digital_meter_reading/train/output/569.png
D:\cygwin64\home\yyyy_\digital_meter_reading/train/input/570.png,D:\cygwin64\home\yyyy_\digital_meter_reading/train/output/570.png
D:\cygwin64\home\yyyy_\digital_meter_reading/train/input/571.png,D:\cygwin64\home\yyyy_\digital_meter_reading/train/output/571.png
D:\cygwin64\home\yyyy_\digital_meter_reading/train/input/572.png,D:\cygwin64\home\yyyy_\digital_meter_reading/train/output/572.png
D:\cygwin64\home\yyyy_\digital_meter_reading/train/input/573.png,D:\cygwin64\home\yyyy_\digital_meter_reading/train/output/573.png
D:\cygwin64\home\yyyy_\digital_meter_reading/train/input/574.png,D:\cygwin64\home\yyyy_\digital_meter_reading/train/output/574.png
D:\cygwin64\home\yyyy_\digital_meter_reading/train/input/575.png,D:\cygwin64\home\yyyy_\digital_meter_reading/train/output/575.png
D:\cygwin64\home\yyyy_\digital_meter_reading/train/input/576.png,D:\cygwin64\home\yyyy_\digital_meter_reading/train/output/576.png
D:\cygwin64\home\yyyy_\digital_meter_reading/train/input/577.png,D:\cygwin64\home\yyyy_\digital_meter_reading/train/output/577.png
D:\cygwin64\home\yyyy_\digital_meter_reading/train/input/578.png,D:\cygwin64\home\yyyy_\digital_meter_reading/train/output/578.png
D:\cygwin64\home\yyyy_\digital_meter_reading/train/input/579.png,D:\cygwin64\home\yyyy_\digital_meter_reading/train/output/579.png
D:\cygwin64\home\yyyy_\digital_meter_reading/train/input/580.png,D:\cygwin64\home\yyyy_\digital_meter_reading/train/output/580.png
D:\cygwin64\home\yyyy_\digital_meter_reading/train/input/581.png,D:\cygwin64\home\yyyy_\digital_meter_reading/train/output/581.png
D:\cygwin64\home\yyyy_\digital_meter_reading/train/input/582.png,D:\cygwin64\home\yyyy_\digital_meter_reading/train/output/582.png
D:\cygwin64\home\yyyy_\digital_meter_reading/train/input/583.png,D:\cygwin64\home\yyyy_\digital_meter_reading/train/output/583.png
D:\cygwin64\home\yyyy_\digital_meter_reading/train/input/584.png,D:\cygwin64\home\yyyy_\digital_meter_reading/train/output/584.png
D:\cygwin64\home\yyyy_\digital_meter_reading/train/input/585.png,D:\cygwin64\home\yyyy_\digital_meter_reading/train/output/585.png
D:\cygwin64\home\yyyy_\digital_meter_reading/train/input/586.png,D:\cygwin64\home\yyyy_\digital_meter_reading/train/output/586.png
D:\cygwin64\home\yyyy_\digital_meter_reading/train/input/587.png,D:\cygwin64\home\yyyy_\digital_meter_reading/train/output/587.png
D:\cygwin64\home\yyyy_\digital_meter_reading/train/input/588.png,D:\cygwin64\home\yyyy_\digital_meter_reading/train/output/588.png
D:\cygwin64\home\yyyy_\digital_meter_reading/train/input/589.png,D:\cygwin64\home\yyyy_\digital_meter_reading/train/output/589.png
D:\cygwin64\home\yyyy_\digital_meter_reading/train/input/590.png,D:\cygwin64\home\yyyy_\digital_meter_reading/train/output/590.png
D:\cygwin64\home\yyyy_\digital_meter_reading/train/input/591.png,D:\cygwin64\home\yyyy_\digital_meter_reading/train/output/591.png
D:\cygwin64\home\yyyy_\digital_meter_reading/train/input/592.png,D:\cygwin64\home\yyyy_\digital_meter_reading/train/output/592.png
D:\cygwin64\home\yyyy_\digital_meter_reading/train/input/593.png,D:\cygwin64\home\yyyy_\digital_meter_reading/train/output/593.png
D:\cygwin64\home\yyyy_\digital_meter_reading/train/input/594.png,D:\cygwin64\home\yyyy_\digital_meter_reading/train/output/594.png
D:\cygwin64\home\yyyy_\digital_meter_reading/train/input/595.png,D:\cygwin64\home\yyyy_\digital_meter_reading/train/output/595.png
D:\cygwin64\home\yyyy_\digital_meter_reading/train/input/596.png,D:\cygwin64\home\yyyy_\digital_meter_reading/train/output/596.png
D:\cygwin64\home\yyyy_\digital_meter_reading/train/input/597.png,D:\cygwin64\home\yyyy_\digital_meter_reading/train/output/597.png
D:\cygwin64\home\yyyy_\digital_meter_reading/train/input/598.png,D:\cygwin64\home\yyyy_\digital_meter_reading/train/output/598.png
D:\cygwin64\home\yyyy_\digital_meter_reading/train/input/599.png,D:\cygwin64\home\yyyy_\digital_meter_reading/train/output/599.png
